评论时间,昵称,评论内容
2020-12-27 21:20:35,国帅海,确实挺憨憨的，如果真的放在黑暗森林的世界观里，我们极有可能技术爆炸，反攻奥特曼，当然要排除那些超光速啥的[可爱]
2020-12-27 19:30:42,放牛郎余牧,维徳为什么当时要信守承诺，把决定权交给程心，哪怕他就不遵守承诺可以不？始终意难平。
2020-12-27 18:05:49,承爹世界第一,典藏版好像是分的大章那样来的，我看的时候没觉得啥不适，可能我个人比较能适应吧
2020-12-27 14:49:53,荷兰退休伐木工,我觉得上部的面壁者和中部的咒语应该算上半段，下部的黑暗森林是下半段。毕竟咒语和黑暗森林之间的时间跨度太大了，而且下部黑暗森林几乎占了整个书的一半。我看的也是典藏版
2020-12-27 14:32:32,某科学的御坂14389号,不，不能这么说，只能说归零者在达到高级文明前都非常善于伪装隐藏自己。并且，除掉整个宇宙的文明是某种意义上的不可能，上文说了，归零者善于隐藏自己，说明肯定还会有文明会像归零者一样在达到高级文明前当缩头乌龟。
2020-12-27 14:23:58,某科学的御坂14389号,宇宙不是童话
2020-12-27 13:33:50,dishing-pow,刘慈欣厕所感动痛苦
2020-12-27 11:40:16,zhhr326,每次听黑暗森林都还特别感动，#我的三体# 真的是目前最好的三体小说改编作品
2020-12-26 17:47:43,霍格沃茨研究生,笑死了
2020-12-26 09:55:43,威廉_欧文,好家伙
2020-12-26 09:37:21,呜_呜_我不想吃桂花糕,二向箔警告，别说奥特曼铠甲勇士都得死
2020-12-25 20:33:46,某勤劳的休伯利安清洁工,当流浪地球遇到三体舰队：三体人：“你们去哪儿？”地球人：“你们去哪儿？”三体人：“半人马座三星环境太恶劣过不下去，我们要去太阳系。”地球人：“太阳完了，我们要去半人马座三星。”三体人：“我晶！”地球人：“我日！”
2020-12-25 18:25:54,Jupiter--------,纳米丝
2020-12-25 14:01:57,提发一下,我发现大刘真的神啊，现在人类真的越来越趋向于女性化了，小鲜肉欧巴满天飞，一个个火成什么样子了，这个时代的人越来越喜欢看那种外表高尚内在低级的言情小说，真正的硬科幻学术著作没几个人看……在这一点上大刘很成功，不但三体特火而且成功扭转了一部分国人的女性化，我就是其中之一。
2020-12-25 09:45:06,愿你better,我觉得一个阴谋论:归零者想借各文明交出小宇宙，除掉个文明，成为宇宙的王
2020-12-25 09:36:35,愿你better,三体不是母性生态系统导致不能生存然后叶文洁给3体发送了地球坐标，三体人来占领地球移民
2020-12-25 09:28:56,愿你better,有个阴谋论:归零者就是死神，让各文明归还小宇宙然后知道各文明的位置，最后一举歼灭成为宇宙的王
2020-12-25 09:15:46,愿你better,程欣转啥时候出
2020-12-24 22:14:33,秦枭以,葡萄酒：我不配？罗辑快乐酒，哈哈哈(ಡωಡ)
2020-12-24 22:11:47,秦枭以,罗辑快乐酒[多多大笑]
2020-12-24 22:04:13,秦枭以,程心？你确定？
2020-12-24 17:12:19,_OZAKI,这歌没有一点黑暗森林的情境好吧，三体用它分分钟凉掉
2020-12-24 12:45:14,为___z,看到封面想到了饥荒…
2020-12-23 20:40:44,Heroxm,只是虫子吗？
2020-12-23 19:10:49,提发一下,人类文明：小程心，玩玩了帮忙把号还给罗辑呗，毕竟你懂的……我可没说你一无是处无可救药超级圣母哦！程心：那啥，哥，我把你的号覆盖了……新号叫三体，我觉得比旧号好玩……人类文明：WTM！罗辑：WTM！人类文明：WT……罗辑：哥！！！你咋啦？！人类文明：……章北海：没事，我有云存档！
2020-12-23 18:57:29,言绫依是什么依一v一,？？？你在说什么
2020-12-23 14:26:33,-skz,井底之蛙 只是东亚有女性化倾向 完全是韩国带的 欧美还是喜欢肌肉男
2020-12-23 14:06:35,网抑云_OvO-,消灭人类暴政……………………
2020-12-23 11:25:06,不再服务区1910,公知就是这样抹黑我国那些默默奉献的人的[撇嘴]，无论那些付出的人曾经有过什么样的历史和人格缺点，但他最终做的事，就是为人民服务，就是为人民服务的好同志！唯物主义才是真正能正视世界看透世界的真思想。
2020-12-22 22:59:30,折勝5号,没关系，都一样的
2020-12-22 22:17:11,BUG_JUMP,不，我们老师说是疯狗问题
2020-12-22 22:14:08,BUG_JUMP,"""所以说，大司马你只看到了第五层，而你把我想象成了第二层，其实，我是大气层。"""
2020-12-22 22:07:45,BUG_JUMP,程心进入了游戏服务器崩溃
2020-12-22 21:24:21,深海一点零,纳米丝啊肯定
2020-12-22 21:24:00,深海一点零,感觉因为丁仪出场太早就被遗忘了
2020-12-22 21:11:46,清风不值,刘慈欣写三体的时候可是缜密到非常不得了的哟。你可以看第一部的时候，他都已经铺垫出第二部要出现什么了
2020-12-22 21:10:55,清风不值,不不不原文中确实有之类的情节。
2020-12-22 21:09:47,清风不值,你看，确实是像楼主所说的。他差一点在冰河里淹死，算坟墓吧。在叶文洁坟墓前，向三体人对峙要是没有成功也算坟墓吧。
2020-12-22 21:05:43,清风不值,我为啥记得是星舰地球上的人特意派关一凡来接云天们他们的呢？[西西疑问]
2020-12-22 14:27:44,灰哥1903,就怕是真的，现在对其他文明我们可是一无所知
2020-12-22 14:20:48,灰哥1903,但愿吧，宇宙里不可能只有地球产生了文明
2020-12-22 14:11:54,仙林歪先森,第四季搞快点[大哭][大哭][大哭]
2020-12-22 14:08:03,灰哥1903,死了
2020-12-22 13:58:09,灰哥1903,奥特曼里能崩星单体还少吗？？[大哭][大哭]
2020-12-22 07:59:23,时序_龍羽time,是星舰地球壮大了，章北海带走的那批
2020-12-21 22:27:44,奈何苦聚,是的，就是智子啊
2020-12-21 20:47:49,素尘烟火,毁灭你，与你何干？
2020-12-21 17:25:33,auf-tropic,从某种程度上来说，维德成就了程心
2020-12-21 16:23:14,Moonquekes,笑死
2020-12-21 08:01:07,_XTZ_,“你们的孩子居然不怕日落”“当然不会怕 因为她知道明天太阳依旧会升起”
2020-12-20 23:19:30,为了信仰为了梦想,好比喻
2020-12-20 22:26:41,XshameLess,人类不感谢罗辑人类不配感谢罗辑
2020-12-20 18:06:12,微醺季节,他们会传送，奥特曼大电影里面戴拿就用过这一招来回地球和光之国
2020-12-20 16:12:46,回魂的小丑Pannwis,你自己看看已经多少评论了[呆][大笑]
2020-12-20 14:50:11,月墨度仟,毁灭，与何无关
2020-12-20 12:51:55,江湖人称三叶叶,？最后结局没说啊
2020-12-20 07:50:49,章北海_三体二黑暗森林,已经刻在DNA里了！！！
2020-12-20 01:11:45,1220042020180132420,不可能微乎其微，在原著里面仅仅是二向箔就已经开始无差别打击了，无差别打击对宇宙的影响很大，宇宙将因为二向箔的打击从三维跌入二维，所以歌者文明才开始将自身二维化，其他的武器更是不敢想，所有的恒星都要被打爆，所有的行星都要毁灭至无法生存的状态。
2020-12-19 22:25:08,幻梦qvq,这个我觉得不对。这是智子啊！
2020-12-19 18:13:19,雪城_刚大木,虫子是杀不尽，可是虫子从不会在一片农田里待着不走（三体一同感）
2020-12-19 17:50:53,B站入驻网易云的,谁跟我一样以为歌词是黑暗森林，呜呜
2020-12-19 15:36:47,守护者-半翼天使,代催更，懂？
2020-12-19 15:35:09,守护者-半翼天使,第三部结尾中的几百种语言也是
2020-12-19 15:29:33,守护者-半翼天使,网络病毒:多次失手的我……
2020-12-19 14:55:46,星星贩卖户,好像前几年不是大刘搞的，后来改了
2020-12-19 13:06:17,猎户星域,谢谢
2020-12-19 11:23:32,小刺刀不淦,不是的，三体人思维透明是三体人告诉人类文明的，猜疑链的本质是:你说的不一定是真的，就算是真的我也不知道。三体人虽然思维透明但是由于距离限制其它文明并不能确定他们的思维是透明的，所以黑暗森林依然存在
2020-12-19 11:02:56,sigh-sadness,孩子，你没看过
2020-12-19 07:55:55,昵称不能少于两个汉字_SwnA,二向箔不知道怎么样？
2020-12-19 07:55:43,昵称不能少于两个汉字_SwnA,光速的物质在进入低光速黑洞时，速度大幅度降低，我在低光速黑洞外的物质，却没有减速，会被撞碎
2020-12-19 07:40:49,永生古月方源,这个封面是两个孩子点燃了火堆，而周遭的黑暗里都是各种各样的眼睛
2020-12-19 05:48:43,孔子的师父,我觉得讨论人性的缺点本质上只是对自我放纵的借口，三体只是小说请不要随意拿来和生活比较，人性是复杂的，对与错都是认知的结果，不是手段。如果人类能随便战胜人性的缺点，那处处是活佛，记住自己才是结果。
2020-12-18 23:53:36,蛋糕怎么融了,人类配？
2020-12-18 23:41:28,蛋糕怎么融了,自己要求人家办事，事没成就说人家是个骗子是个什么骚操作？
2020-12-18 23:39:17,蛋糕怎么融了,人类把自己的方位告诉全宇宙就好比你把你家住哪发到暗网上
2020-12-18 22:46:13,昵称不能少于两个汉字_SwnA,他没有回复，全剧终
2020-12-18 22:39:01,昵称不能少于两个汉字_SwnA,好家伙，黑暗森林打击打的都这么远，打都打不到自己（大雾）
2020-12-18 22:35:17,昵称不能少于两个汉字_SwnA,可以创造小宇宙，那么可不可以创造大宇宙
2020-12-18 22:19:52,未知的my,这是计划的一部分！
2020-12-18 22:19:25,昵称不能少于两个汉字_SwnA,低质量红矮星（大雾）
2020-12-18 22:14:14,昵称不能少于两个汉字_SwnA,身不得，男儿列，心却比 男儿烈
2020-12-18 20:58:14,日冕号舰长,日推的集合↓[奸笑]
2020-12-18 20:56:08,日冕号舰长,两首曲子都不戳儿～[亲亲]
2020-12-17 23:11:44,H9-C5,奥特六流氓😂
2020-12-17 21:57:34,冰冻罗非鱼比二向箔更致命,在西方的天际，正在云海中下沉的夕阳仿佛被融化了，太阳的血在云海和天空中弥漫开来，映现出一片壮丽的血红“这是人类的落日……”叶文洁轻轻地说。
2020-12-17 21:51:03,承爹世界第一,嘿嘿，我买的典藏版没有分，老厚一本了
2020-12-17 21:48:01,亦梦星海_yomD,不要回答!不要回答!不要回答!叶文洁：好的全剧终
2020-12-17 20:39:56,水峪-,人类的劣根性
2020-12-17 19:23:21,雨滴200301,罗辑 ：冲鸭，冲向卫星站章北海：有冰稿（500万卢布）史强：花了我2万卢布的钥匙打开的褚岩：金色传说，大AK加3.5万大弹夹Mr.xiens（希恩斯）：哇，5个显卡一把手枪章北海他爹：芜湖！起飞！一个LEDX（逃离塔科夫的梗）
2020-12-17 19:16:15,雨滴200301,褚岩呢
2020-12-17 18:57:02,永生古月方源,穿透少女胸膛的子弹
2020-12-17 11:16:07,吹一辈子amazarashi,超银河传说时期就开虫洞赶路了
2020-12-16 22:27:04,H9-C5,程心错在没有认识到宇宙的残酷，最终只有一个文明可活，但是程心一直幻想文明共存
2020-12-16 09:53:28,Lvorywei,战歌起
2020-12-16 00:00:17,柏拉不拉图伯,排险者
2020-12-15 17:50:08,史蒂芬森2一18,二向箔会剥离宇宙质量，导致宇宙停止膨胀
2020-12-15 14:15:02,种花军兔2001,不，其实宇宙里不止她一个留了物质，可能有些留了更多
2020-12-15 14:13:02,种花军兔2001,“有个娘们把她老公的那玩意割下来了，你知道用的什么吗？冰箱里的冷冻罗非鱼。”
2020-12-14 23:28:02,超高校级的骑士,人类最强的武器不是恒星级战舰，而是全人类的死神：程心，一个甩手毁了一切
2020-12-14 20:41:24,雷博奥,这是老张
2020-12-14 18:49:19,言绫依是什么依一v一,这可能是剧情bug吧，一个说出兽性＞人性的枭雄却答应了一个坑了全人类的承诺
2020-12-14 14:06:34,这昵称已被别人使用,维德要是心狠点一枪崩死程心没准三体根本不会进攻，还是心有点软
2020-12-13 22:15:29,无水听,朋友，不是最高敬意。是“请向托马斯·维德先生表示遗憾”。
2020-12-13 22:12:23,无水听,真实。反正怎么塑造都总有人能性别歧视，一被别人指出来立马就“女拳警告”，“女拳警告”都tn成了免死金牌了。有这句话在，想怎么玩歧视就怎么玩歧视，不服就“女拳警告”。多一事不如少一事，只能把什么事儿都往女性身上推喽。多省事啊，还符合某些垃圾的想法。
2020-12-13 19:03:39,好名子都被抢了,等等，归零者也不是一个文明啊，他是一个组织
2020-12-13 10:20:42,iamsKzhang,无知女可不可以是 东方延续，不知道宇宙的恐怖。
2020-12-13 01:58:59,薛定谔傲娇的金丝猫,一般90偶尔92好像，维德就不一样了
2020-12-12 21:01:04,sovietpower1709,“你希望”
2020-12-12 20:02:18,siyezi,以人类的傲慢程度被打是必然的
2020-12-12 17:54:50,O5议员_kPX4,还有叶文洁呢，没了她哪有三体入侵[大笑]
2020-12-12 16:51:20,老纳替你超度,刘慈欣原著小说三体第1部三体  第二部黑暗森林和第三部死神永生 还有神游八方制作动画我的三体第一部 章北海传和第二部  罗辑传都表示了两者对科技的喜爱，所以两者都对科技很喜爱[大笑][大笑][大笑][大笑][大笑][大笑][大笑][大笑][大笑][大笑][大笑][大笑][大笑][大笑][大笑]
2020-12-12 16:44:54,老纳替你超度,我唱了几遍，就是觉得很费嗓子，而且很多时候需要考验我们憋气，还有希望大家能把小说和我的三体都看看，我最推荐的是我的三体，也希望大家能喜欢这首歌
2020-12-12 14:17:17,執星春,维德呗。在寓言故事当中，云天明也承认地球应该交给星舰地球，全力发展光速飞船
2020-12-12 11:13:41,圆圆圆满满满,破壁者可以使用智子，罗辑的破壁者是他自己，所以罗辑可以使用智子[西西奸笑]
2020-12-12 11:11:22,圆圆圆满满满,唱的什么玩意，一句难听的都没有
2020-12-12 00:07:47,喀秋莎-侬娜,程心不应该，她这个人不适合三体宇宙
2020-12-11 20:10:17,Ericwonne,这封面太形象了，我第一眼看到有种拿它做头像的冲动
2020-12-11 11:18:36,悠闲wind,其实说到这就已经不是三体的范畴，他想表达的就是物质是会被消耗的，同时根据第一条定律，物质总量是不变的，那你为了生存，这是必然的选择，因为低等无法理解高等，就像人类企图逃避打击所做的那些，而在没有外部因素的情况下本身也不可能出现一个远远超越所有文明的文明
2020-12-11 04:56:12,吾之荣誉即忠诚,人类不被感谢逻辑，也不配拥有他，星辰大海才是他的归宿
2020-12-11 02:48:46,秋_I,的确
2020-12-10 23:32:18,言绫依是什么依一v一,我在这里
2020-12-10 20:59:59,背背背起了行囊_十年老兵,歌者：来个二向箔，我给这弹星的文明二维化
2020-12-10 18:02:33,Jailbreak-Z,听哭了
2020-12-10 15:33:52,JINGFFFFF,我：旭！
2020-12-10 13:57:25,语气哈一塔七,纵观文明史，他的胜利无人可及
2020-12-10 12:50:52,简单崇拜,能写出精彩的科幻小说的人都很厉害，必须得文理兼具
2020-12-10 11:12:53,上官婉儿暗恋曜,有一说一，云天明肯定不会走
2020-12-10 00:02:21,Sliwksilcvo,执剑人是权力最高的独裁者o
2020-12-10 00:01:22,Sliwksilcvo,对啊  叶文洁不发送 人类早晚也会发送的因为人类不知道黑暗森林状态
2020-12-09 23:58:30,Sliwksilcvo,打大脑或者心脏 会死的
2020-12-09 23:55:25,Sliwksilcvo,更长远点的看 还是人性
2020-12-09 23:48:51,Sliwksilcvo,我觉得没有叶文洁 人类也会发送信息的  因为人类不知道黑暗森林状态
2020-12-09 23:42:01,Sliwksilcvo,一切都将死去 唯有死神永存
2020-12-09 23:38:21,Sliwksilcvo,章北海某种程度算是野生面壁人
2020-12-09 23:33:30,言绫依是什么依一v一,不至于，真这么绝也不会还权给程心了
2020-12-09 23:30:32,Sliwksilcvo,因为我们是上帝视角呀 三体三里面有说 执剑人几乎是权力最高的独裁者了 如果你是威慑纪元的人 你会怎么想呢
2020-12-09 22:43:31,苯酚不是苯醇,萌新提问，如果执剑人是维德的话， 他会不会立马就把三体世界给灭了啊
2020-12-09 22:37:15,偷爱的恶魔,是的，书里没写，但是大刘后来解释宇宙重启失败了，归零者查后发现是程心留下的五公斤物质
2020-12-09 22:07:45,全是素质的罗非鱼,蛤
2020-12-09 19:21:12,玉棋_U7Mc,尿啊
2020-12-09 19:20:40,玉棋_U7Mc,年轻母亲:看，她是圣母玛利亚，她真的是！……美丽善良的圣母，保护这个世界吧，不要让那些野蛮的嗜血的男人毁掉这一切。
2020-12-09 19:17:23,玉棋_U7Mc,同事:这人劣迹斑斑
2020-12-09 19:16:11,玉棋_U7Mc,“这是人类的落日……”叶文洁轻轻地说
2020-12-09 19:12:36,玉棋_U7Mc,艾AA:他说得对，你没有能力做这件事，这会彻底毁了你的！但他行，这个混单、恶魔、杀人犯、野心家、政治流氓、技术狂人……他行，他有干这事的精神力量，让他去干好了，这是地狱，让他跳进去吧
2020-12-09 19:07:01,玉棋_U7Mc,章北海:逃离是事实，但我没有背叛
2020-12-09 19:05:52,Crewe_,给自己挖坟
2020-12-09 07:18:35,超高校级的骑士,汪淼呢，没他谁能最后找到ETO丁仪呢，没他太阳系舰队怎么去白给。希恩斯呢，没他怎么会有钢印族和蓝色空间银河系人类
2020-12-09 04:06:44,et小七,错啦，正因为想保护老婆孩子他才对地球有点责任，否则罗辑的人设是根本不在乎地球死活的。
2020-12-09 04:01:08,et小七,韦德最后做了无用功，拜圣母所赐。如果他杀了圣母也许可以进入榜单。
2020-12-08 23:27:52,谣年与繁星,不是，是三体人水滴一旦进攻，他会毫不犹豫的按下执剑
2020-12-08 23:24:32,谣年与繁星,罗辑和庄颜是在卢浮宫蒙娜丽莎像前在一起的
2020-12-08 17:31:46,下溪昼外,看得出来评论不少人都不仔细看书，只是听到几个厉害的词就拿来用。归零者和回归运动者是2个不同的大神文明，发送小宇宙广播的是回归运动。和归零者半毛钱没关系。归零者靠不断降维把宇宙像0点一样拨回10维。回归运动是靠宇宙大爆炸来3维直接拉回10维。好好看书，我现在看到别人归零归零就脑阔疼
2020-12-08 12:57:16,简单崇拜,有可能是上帝的别称，原始而强大
2020-12-08 00:13:32,送我dx3906,我有一个愿望让这首歌评论超过十万让更多人见识三体见识大刘这压倒一切的高深与浩渺我们中国的科幻到底哪比不过国外我相信这并不遥远
2020-12-07 22:42:00,超高校级的骑士,进化的尽头即为毁灭，人类最终为自己对黑暗森林的傲慢付出灭绝的代价
2020-12-07 20:59:05,极左青年近卫军,🍺下贱🍺
2020-12-07 20:54:00,小小小小顰兒,有什么像三体一样好看的科幻小说嘛
2020-12-07 17:01:09,alina呀_,傲慢才是生存的障碍
2020-12-07 14:21:07,莫膜哒,原来死神永生是这个意思，666
2020-12-07 01:18:53,嫦岚,引来了三体，却创造了罗辑┐(‘～`；)┌
2020-12-06 23:17:14,波渺渺柳依依2002,我以为你说是脑叶公司的那个白夜
2020-12-06 22:20:52,坐在坟头调戏女鬼2002,其实黑暗森林只是一种理论，不一定完全正确，所以这种发射信息的做法还是有可取之处的。
2020-12-06 21:24:49,啃食肯弟弟,罗辑快乐酒
2020-12-06 17:50:00,WZY8538855096753,放火烧山，牢底坐穿
2020-12-06 16:27:52,随便的希卡,圣母永生[强]
2020-12-06 14:37:59,龘靐齉爩霬鼺獿纞讍鼜,如果让林云当执剑人会咋样awa
2020-12-06 10:31:56,未闻_狐鸣,哈哈 习惯就好 评价小说都是用这种语气的
2020-12-06 09:46:21,谣年与繁星,哈哈哈哈
2020-12-06 08:54:34,普拉斯林,……我觉得你们都带着一种很奇怪的态度看三体，真的是服了。
2020-12-06 08:40:19,普拉斯林,是他自己把自己选择权交给了程心对吧？这说明了什么有几个人思考过？真的如同大家人云亦云那么说的话，他根本不需要把程心叫醒。他也不需要按照程心的想法做。
2020-12-06 08:37:47,普拉斯林,我都不关注这个人，我只看故事，反而我看完书发现大家想法还挺多
2020-12-06 08:36:20,普拉斯林,……………=_=
2020-12-06 07:39:41,心长了茧,三星系统不是所有条件都无解，三体的情况是三颗恒星质量关系满足了无解的条件。
2020-12-05 23:07:54,JINGFFFFF,黑暗森林只是费米悖论的一种解释而已，不一定为真，有可能而已。只是一种有可能的宇宙观，没必要套用到所有地方[大哭]
2020-12-05 23:03:36,JINGFFFFF,猜疑链只是针对低等级文明，黑暗森林也是，高级文明都是正面硬刚的，你像魔界文明之类，黑暗森林在大神文明面前只是小场面根本不算战争，就像大人看小孩子大家
2020-12-05 23:01:05,JINGFFFFF,你忘了叶文洁，没她就没你说的这几位什么事了[大哭]
2020-12-05 23:00:09,JINGFFFFF,真是智子小姐姐吧[奸笑]
2020-12-05 22:03:50,君--伴你万世轮回,说的真妙啊[大哭]
2020-12-05 20:43:42,某不知名面壁者,看都没看过就有资格在这误导人这是神马新式思想
2020-12-05 20:41:56,罖熀,可控核聚变已经实现，我们什么时候去太空
2020-12-05 16:25:15,雪莹雪莹雪,太好听了
2020-12-05 15:14:46,无名SoulDivinity,你看云天明的大脑在宇宙中啸得多开心
2020-12-05 12:52:56,鬼山莲泉kenny,赞同
2020-12-04 21:59:22,这昵称已被别人使用,归零者类似于宇宙秩序维护者，毕竟大神级文明，已经可以说站在宇宙文明巅峰，更多的考虑着这个宇宙未来的发展趋势而不是无休止的打架，归零者从名字可以看出他们对于维度的研究是最前列了，除非外来宇宙文明，否则自身宇宙文明是对于他们没有威胁，早就跳出黑暗森林了
2020-12-04 21:53:33,这昵称已被别人使用,文明的进化过程本就是血腥的，战争是文明加速发展的推动力。
2020-12-04 19:08:35,尘-春,“没关系的，都一样。”
2020-12-04 12:36:23,Morosainos,好棒的填词，好棒的翻唱[多多大哭]
2020-12-03 20:35:52,B战-沙某人-,那女的用冰冻的罗非鱼割掉了他老公的那个
2020-12-03 17:44:42,大毛家的水杯,啊不是，女娲设计的时候就是致敬三体，和世界观无关，可以去看当时的新英雄爆料
2020-12-03 14:31:30,Mr-Y-1,不知道你这个自杀是根据什么得出的结论，但你太小看人类了，也太高看你自己了，你说的这些明显就是对整个火种计划的否定，我只能说，章北海的计划还轮不到别人否定，因为你们的智商并不比章北海高，包括我也一样，毕竟我不可能像他一样一开始就能认知到人类败北的结局也做不到一系列计划的准备工作
2020-12-03 14:25:21,Mr-Y-1,自杀?理由是什么?他们知道自己是人类最后的希望!最后的火种!所以他们不会自杀，而是一直坚强的活下去，不断的繁衍，不断的壮大，当抵达新的星系的那一刻开始，人类将继续发展!而且虽然自然选择号和章北海化作了星辰，但蓝色空间号依然健在，并且有足够的燃料，食物，他们肯定会走完这趟20世纪的旅程
2020-12-03 14:16:22,Mr-Y-1,正义?这个世界根本就没有正义，只有对错!因为你以为你自己做的事情是正义，但在敌人看来那就是邪恶!是矛盾的!所以这个世界根本不存在所谓正义和邪恶，但是对错和真理，事实却永远存在，因为它们永不会产生矛盾!
2020-12-03 14:13:09,Mr-Y-1,还有谁告诉你不能牺牲少数人利益来换取大部分人的幸福了?那干脆保卫边疆的军人们都别干了呗，牺牲小部分换取大部分这是人类历代都在使用的方法，知道为什么吗，因为只有这个选择才能保住大部分人!否则连大部分都保不住，这个选择也是下下策!要不然谁没事闲的让自己人牺牲啊
2020-12-03 14:06:22,Mr-Y-1,???多数人和少数人的生命没有区别?那你的意思是说一个人的命就等于几十亿人的命咯?你这思想问题不小啊，已经开始藐视生命了。
2020-12-03 14:05:52,梦谷纷繁,听哭了～墨明棋妙
2020-12-03 12:56:34,月夜听风吟,降维打击
2020-12-03 07:44:02,Meexe,差不多得了，连宇宙你都能懂
2020-12-02 21:40:36,这昵称已被别人使用,你可以想象成宇宙秩序维护者
2020-12-02 21:40:33,发科233,那么现实中人类何时才能达到光速的1%
2020-12-02 17:06:21,雪莹雪莹雪,是我喜欢的三体
2020-12-02 05:00:45,暗里着迷____________,我，面壁者罗辑，向三体文明讲话！！！！！！！！
2020-12-02 04:50:32,暗里着迷____________,不会，韦德会尽一切手段掠夺三体人的技术，不给就按开关
2020-12-02 04:45:45,暗里着迷____________,叶文洁
2020-12-01 21:40:34,Drawarrior,打着三体的名字拍了一部不知所云的烂片
2020-12-01 21:34:39,默雨之泪,嗯，他是为了选一个有领导能力的新人类，这样才能更好的保留火种
2020-12-01 21:31:29,默雨之泪,章北海看火控制不住跑路了
2020-12-01 21:27:45,默雨之泪,毕竟他们贡献不是最大的[大哭]
2020-12-01 21:25:36,默雨之泪,汪淼没存在感[大哭]
2020-12-01 21:24:23,默雨之泪,程心几波操作毁掉人类，自己坐飞船跑了
2020-12-01 21:22:08,默雨之泪,叶文洁给罗辑很大帮助，但最开始也是她把人类拉下水
2020-12-01 09:58:24,沉默听歌小小佰,大史太难了[大哭]
2020-11-30 22:19:57,Judy-Brown,我只知道我们干过两件事，发射旅行者号上面有金制的光盘，记录者地球相对位置各国语言和联合国秘书长的致辞，还有二进制说明书。还发射了一串记录着人类DNA信息的无线电
2020-11-30 21:43:08,98达达啦啦啦,黑暗森林虽然恐怖，但一想到这样的法则，我就想到自己是时刻准备的猎人，很有趣，兴奋。来吧，比比谁更猛吧，看看谁的文明能存续下去
2020-11-30 21:35:56,用户3248558527,还要说一句，真实的地球是不需要怕任何文明，即使暴露位置也不会被任何文明毁灭的，挑衅的代价就是被毁灭
2020-11-30 19:00:08,不各理,真的好听
2020-11-30 19:00:03,不各理,给人一种寂静黑暗又壮观的感觉
2020-11-29 22:02:05,S_Dewey,第三部程心传什么时候出呀[多多可怜]好期待呀(๑˙ー˙๑)
2020-11-29 21:55:25,一般路过sans酱,水滴? 四维碎块教你做人!
2020-11-29 21:45:18,一般路过sans酱,解冻
2020-11-29 21:42:27,一般路过sans酱,铜制标签教你做人
2020-11-29 21:19:23,白果协会会员其一,中毒警告
2020-11-29 20:51:17,一般路过sans酱,给敌人发坐标
2020-11-29 20:04:14,上官婉儿暗恋曜,一个男生爱上了一个女孩，为她买下了一颗星星。在送给她的那颗星星上，女孩发现了他的另一个礼物：一个微型的宇宙
2020-11-29 19:46:58,提亚福斯,少数人的生命和多数人的生命是没有区别的，我们不能以多数人的幸福最大化，而牺牲少数人的利益如果一个人以非正义的手段去实行郑义的事情，那么这个正义的事情一定是不正义的，或者说是一定不会成功的即使张北海成功的使自然选择号飞出太阳系，挽救少数人生命，但是，这些活下来的人，一定会自杀
2020-11-29 19:37:35,哈里鹿雅,”没关系的，都一样。“
2020-11-29 18:13:08,沉默寡言自给愁,敬虫子（拿出桶装葡萄酒🍷）
2020-11-29 12:32:12,南大鳥77,六分仪震怒，粉丝泪奔T﹏T。丁仪已经很努力了！快跑啊！孩子们！
2020-11-29 11:36:46,momovc,太阳快落下去了，你们的孩子居然不害怕？” “当然不害怕，她知道这是和平模式。“ “。。。。。。“
2020-11-29 10:53:20,bugc_JX3Y,没有吧，后来万有引力和蓝色空间在银河系猎户座旋臂中心建立了1—4号世界
2020-11-29 10:25:27,dsdsssa,黑，针™黑啊
2020-11-29 02:04:49,真他ma的黑,吹爆大史
2020-11-29 00:14:22,网抑云作曲没有罗辑,请放心，隔壁宇宙已经爆发黑暗森林法则终极规律，已经归零了。而本宇宙正在朝另外方向发展，不会更隔壁的一样。这正是多元化宇宙的多样性造成的。
2020-11-28 22:59:30,Saumy,说白了，就是市场普及率提高了，但用户群体质量也急剧下沉了
2020-11-28 19:48:44,送我dx3906,大刘很多作品都把未来描绘的那么冷漠，那么绝望，那么冰冷。在回顾人类五千年的厮杀史。他其实是让我们更加热爱生活吧
2020-11-28 17:50:24,制杖蟹吖,我记得是维德奇怪xp的锅[西西疑问]
2020-11-28 15:56:03,酵母菌加乳酸菌,不至于吊打，主要是为了赛罗，其实像老麦就能单杀老贝，但是人家不是999米大长剑
2020-11-28 11:07:22,长生常安的,章北海是引导一部分人走了，使大火不烧死所有人
2020-11-28 09:58:55,知其然亦知其所以然,虫子嘛。可以被轻易踩死，但不太容易彻底消灭。
2020-11-28 01:37:30,用户3248558527,但有母星概念的文明最弱也是可以殖民一个宇宙的存在
2020-11-28 01:34:42,用户3248558527,但地球母星一旦被破坏 ，代表地球的标志就消失 走向宇宙那一批人的基因就会被其它生命体的基因同化变成其它文明的生物了，文化也会慢慢消失，母星没有毁灭的话会有怀念旧世界的人存在 ，文明也不会断层
2020-11-28 01:28:03,用户3248558527,母星存在的意义代表了一个文明的发展史和基因储存库还有文化传承  。一旦母星没有了， 文明就出现断层 甚至可以降级到原始文明或是成为别的文明的生命体了。打个比方，未来地球或许可以走遍星空.走遍宇宙 ，但身为地球人的基因还存在 ，甚至还可以同化其它生命体的基因 ，文化也可以走向宇宙
2020-11-28 01:09:15,用户3248558527,高级文明有高级文明的黑暗森林法则，低级文明有低级文明的黑暗森林法则，因为高级文明的探测实力和范围很强大发现其它高级文明概率非常大，在用低级文明的黑暗森林法则就没有任何用处了，高级文明的黑暗森林法则的核心是不能暴露母星的存在 ，一旦暴露整个文明都走向灭亡
2020-11-27 23:14:19,飞云流苏,"这里应该有不少LOLer吧，个人觉得千珏的主题曲Kindred, the eternal hunters改成《黑暗森林》特别适合！！！就是描述了黑暗森林里追猎、生存、死亡，种群的延续，冷酷的淘汰与筛选，推荐听一下，特别有这种黑暗森林的感觉"
2020-11-27 23:00:44,faet英灵,丁仪？不是哪个死了无数次的男(难)人？
2020-11-27 22:46:50,Driszzt,韦德 丁仪甚至叶文杰都算
2020-11-27 21:54:18,尘封魔帝,熵是能量词。
2020-11-27 19:31:22,沙雕200424,按结局来看这么说完全正确
2020-11-27 19:27:11,思念是行囊,我三体看了五遍难道是看了假书？
2020-11-27 19:24:54,思念是行囊,啊？没说吧？三体第二舰队和未知文明在金牛座开战，胜负无知。第一舰队是和第二舰队反向，星舰地球开发了四个可生存星球，又一个疑似被发现自己造了个黑域，地球文明和三体文明在大宇宙最后都还存在
2020-11-27 19:19:26,思念是行囊,维德百分百
2020-11-27 18:07:06,剪窗月,就在一片冷黑的死寂之中，他看到了宇宙的真相……“面壁者罗辑，我是你的破壁人。”
2020-11-27 16:59:02,皖詠,主，不在乎。主，在找我。              一一天算子
2020-11-27 16:58:43,皖詠,主，不在乎。主，在找我。              一一天算子
2020-11-27 00:02:36,我的头像写满了无敌,都获奖了，就别杠了吧
2020-11-26 21:21:59,R_LuYang,太真实，举报了
2020-11-26 13:02:06,借你二两鸡汤,剧中感觉唯一一个正常的的人[大哭]
2020-11-26 09:53:46,大海狂澜,不是一个世界观还是别比较了吧？
2020-11-25 22:03:26,你们都长大了,根据CDP调查这不是计划的一部分
2020-11-25 22:00:39,你们都长大了,你还真的认为是咒语啊
2020-11-25 20:29:31,djjdieijsjdis,《三个王国的故事》
2020-11-25 19:06:37,极上_,好家伙，是变形金刚的太空桥快还是奥特曼的虫洞快[奸笑]
2020-11-24 23:52:23,你们都长大了,白内障看不清？莎普lce滴眼睛。白内障看不清？莎普lce滴滴滴。模糊滴，重影滴，黑影滴。白lce(原明爱思):我真NB
2020-11-24 20:41:27,人语湖口笙,解读正确
2020-11-24 13:52:01,你们都长大了,沙发:我差点单杀罗辑
2020-11-24 09:02:00,余生超可爱920,爱
2020-11-24 00:27:27,天选者彭祖,谢谢你
2020-11-24 00:24:38,爱冒险的旅行家,如果让林云少校来，威慑力将会是百分之百
2020-11-23 23:14:27,JLA竹清风,三体：罗辑，你不讲武德！
2020-11-23 22:03:53,Emoji_cn,罗辑表示很赞
2020-11-23 21:31:11,沐荒泽,但凡有章北海十分之一枪法人类绝对胜利
2020-11-23 21:30:49,听歌快乐中,我以为只有我自己才会这么想，那我也不用说了
2020-11-23 19:15:19,会吃草的长颈鹿,据说王者荣耀的世界观是大刘写的
2020-11-23 19:13:05,路过的Max,Melodic dubstep 当我看到罗辑被选为面壁者这bgm响起太燃了
2020-11-23 00:55:51,今天又是美好的愈天-_-,当时水滴那一段看的给我吓的。隔着屏幕都感觉到一阵杀气。
2020-11-23 00:54:07,今天又是美好的愈天-_-,小说而已呀。[大哭][大哭][大哭]作者这么写有目的的呀。
2020-11-22 21:34:45,只要够长就能当作id了呢,伊文斯第一部就领盒饭了
2020-11-22 15:40:14,折勝5号,黑暗森林:那一刻，我变成了光
2020-11-22 15:37:27,折勝5号,众所周知，网易和b站没关系
2020-11-22 15:37:01,折勝5号,老奔狗问题了
2020-11-22 12:18:56,Mc买辣皮,外星人说太好听了！！！
2020-11-21 22:18:27,自己的父亲2007,？？？伊文斯早被分尸了
2020-11-21 21:17:31,星辰大海_远航,“我对三体世界说话。”罗辑的声音并不大，因为他知道对方一定会听到..... “对不起，您所呼叫的用户已欠费停机”罗辑：“..........”
2020-11-21 19:26:24,一个月八个商单的神迹_lex,罗辑快乐水
2020-11-21 19:25:39,一个月八个商单的神迹_lex,我的三体不一定，但是B站和网易绝对有一腿[奸笑][奸笑][强]
2020-11-21 15:53:26,残留的傲气,归零！
2020-11-21 12:57:17,单身审判者,汪三水?？
2020-11-21 10:03:14,饼藏__TalE,是那桶变绿的酒[鬼脸]
2020-11-21 07:42:24,杨叫兽卍解,那是粉丝写的哦，应该不算正传  三体x
2020-11-21 00:09:53,柒零1423,人类文明的守墓人
2020-11-20 23:34:19,Mr-Y-1,而且在宇宙中，人类是有爱，但是对面没有，那人类也只能抛弃爱，毕竟爱只会带来严重的后果，除非人类能达到像归零者文明那样的高度，因为神级文明不适用黑暗森林法则，他们是文明发达程度已经打破了法则，属于三维宇宙中最高级的文明之一
2020-11-20 23:29:36,Mr-Y-1,人类没了，可能宇宙不会叫宇宙了，因为“宇宙”只是人类的叫法，但宇宙本身是不会消失的就像韦德所说，失去人性，失去很多，失去兽性，失去一切，这句话自然有它的道理也正是因为程心的爱心泛滥，才导致三体人的攻击和地球三体文明的侵占
2020-11-20 23:20:49,Mr-Y-1,宇宙本身并没有爱，而是生物之间产生了爱听你这话说的，听起来像是在藐视宇宙似的，人类的存在对于宇宙没有一丁点影响，人类只是宇宙中的沧海一粟，其他的文明一抓一大把，可能光银河系的文明的数量就要以10位数来起步，就更别提宇宙中的文明了
2020-11-20 19:44:28,沙雕的Minecraft,智子的武士刀
2020-11-20 18:34:55,背背背起了行囊_十年老兵,冰冻罗非鱼【脚动滑稽】
2020-11-20 18:34:15,背背背起了行囊_十年老兵,拖更者神游八方，我是你的催更人！！
2020-11-20 18:32:17,背背背起了行囊_十年老兵,主（主）不（很）在（在）乎（乎）
2020-11-20 13:17:19,用户85455,快出书，我已经想看了！
2020-11-20 11:46:06,十二夜飞鸟集,前进四！都一样[猫]
2020-11-20 00:27:38,一只303-,只是用刻板印象来塑造而已，不然又该有一群人说：你这什么玩意男人不像男人女人不像女人
2020-11-20 00:17:37,厄舍,啊，看那
2020-11-20 00:16:46,厄舍,啊 看那，无尽叠加的千层饼
2020-11-19 21:52:16,提亚福斯,宇宙又怎样？失去了有人性的人类，那还叫宇宙吗？宇宙就是要有爱的呀
2020-11-19 21:51:31,提亚福斯,韦德唯一想说的就是谢谢，最后诚心给他送上的那，一根雪茄他不想和程欣说任何话
2020-11-19 21:28:52,一只叫白的狐妖,地球人:我日三体人:我晶
2020-11-19 20:15:42,沙雕的Minecraft,思想钢印也是武器。
2020-11-19 20:13:39,沙雕的Minecraft,我怀疑你在开车
2020-11-19 20:13:16,沙雕的Minecraft,针眼画师的画
2020-11-19 20:05:02,一只平平无奇的大白鹅-颜颜,好吧，咱们各退一步，我不是猪，你不是人
2020-11-19 20:02:18,一只平平无奇的大白鹅-颜颜,黄，真**黄呀！
2020-11-19 20:00:58,一只平平无奇的大白鹅-颜颜,大史“淦”！罗辑“恭喜你答错了，**”大史“我**你个大**”
2020-11-19 19:06:35,旋律已旧丶欣,地球撤回了一条消息。归零者:打开后台查询IP地址
2020-11-19 13:26:04,Chara_5,是开着直升机在黑暗森林上面开大灯
2020-11-19 10:52:54,执墨纳川,啊，看那
2020-11-18 23:12:00,你们都长大了,ETO专家鉴定过这酒能喝
2020-11-18 19:37:03,但愿人常久_,宏大伟大
2020-11-18 19:10:40,旋律已旧丶欣,直接就是让你再看一遍
2020-11-18 18:46:38,旋律已旧丶欣,好像去掉，就是被古筝给切了
2020-11-18 18:38:01,旋律已旧丶欣,感谢你们为我们带来这么美好的作品，看完之后感触很深，希望尽快更新第三季，非常感谢！永远支持你们
2020-11-18 15:23:15,最最可恶的妖怪,本命英雄女娲
2020-11-18 00:14:57,RockmanZero-Omega,"“面壁者大司马，我是你的破壁人”“所以说小伙子，你只看到了第二层，而你把我想象成第一层，其实，我是第五层。”"
2020-11-17 22:48:39,永远的鸟笼_,原著就是《三国演义》
2020-11-17 21:28:25,带你去看海上的明月,那还是得往好地方想想的😅（真希望是这样awa）
2020-11-17 21:25:26,带你去看海上的明月,试试声控？🌚💦
2020-11-17 21:16:36,带你去看海上的明月,我倒是觉得在“很久以前还是充满乐趣”的那一段觉得歌者文明以前也是非常缤纷的，甚至很像人类的文明，后来因为宇宙在开始打仗之后慢慢的把自己降维得以生存然后文明慢慢变得集权辽，之后对生物进行了“机械飞升”的行为，所以才能翻思想体？🌚💦
2020-11-17 21:05:51,带你去看海上的明月,当时看着书就私下使劲“维德你打头啊，大脑！大脑啊！！！”🌚💦
2020-11-17 20:18:22,沐荒泽,韦德指剑直接共赴黄泉
2020-11-17 20:17:48,沐荒泽,啥？队友？！
2020-11-17 20:17:31,沐荒泽,我的三体里魔改的
2020-11-17 20:17:03,沐荒泽,奥特曼是护林员，那个世界没有带枪的猎人，只有一群群迷失的游客和带枪的老警察
2020-11-17 20:15:58,沐荒泽,还有冰湖
2020-11-17 20:15:00,沐荒泽,章北海犹豫了，他认为总有人要牺牲，不如自己去
2020-11-17 20:14:17,沐荒泽,是章北海
2020-11-17 20:13:57,沐荒泽,没错
2020-11-17 20:13:41,沐荒泽,技术爆炸不存在，猜疑链不存在，[多多笑哭]
2020-11-17 10:27:13,祈何_HQ,章北海还没有维德那么理性。维德是一个恐怖的人，连智子都害怕，比罗辑更理性。恐怖到，100%会按下引力波发射器。在任何时候都理性到极致。但是我就是很不懂，最后为啥心软了，会听程心的。
2020-11-16 23:23:59,一只303-,神游是不是要鸽掉第四季了
2020-11-16 21:47:00,里奇1805,但我终结了一个面壁者[奸笑]
2020-11-16 21:31:19,223391907,233[大哭]
2020-11-16 20:34:37,就爱吃酱,那我感觉程心也得算一个，人类文明灭亡也是人家的功劳
2020-11-16 17:39:38,僵尸君哟,大佬们加油啊
2020-11-16 16:26:02,Mycroft的发际线,射… 射击大师🌝
2020-11-15 23:42:24,某不知名面壁者,关键是那人没看过还在那装。
2020-11-15 23:40:59,某不知名面壁者,补充下星舰人类没被三体人灭后面应该灭亡了
2020-11-15 23:39:58,某不知名面壁者,死线是归零者造的不是星舰地球造的[汗]
2020-11-15 23:38:35,某不知名面壁者,你去看下那人评论真的云啊比如水滴没杀罗辑他说是三体人仁慈
2020-11-15 23:37:32,某不知名面壁者,关键是没被灭呀
2020-11-15 20:50:17,Mr-Y-1,但也就是因为选择了程心，而三体人觉得她不会按按钮所以才展开攻击的，我看到程心真没按的时候我都看傻了
2020-11-15 20:47:36,Mr-Y-1,现在可好，别说太阳了，宇宙都让某圣母搞没了
2020-11-15 20:41:09,Mr-Y-1,程心作为人那确实是很完美，甚至无可挑剔，但是作为领袖一类的，那只能说她还不够格，因为这个位置不需要善，也不需要恶，只有利益，对人类的绝对的利益，宇宙不是童话，宇宙没有正义邪恶，更没有人性，只有利益和存亡
2020-11-15 20:38:35,Mr-Y-1,人类文明的毁灭不能说和程心没有关系，毕竟人类选择了死神，但杀人权仍然是死神的权力，人类只能说是间接，并且这个间接的力度很大，但宇宙的毁灭纯纯就是程心一手造成的
2020-11-15 20:35:42,Mr-Y-1,没错，人类的科技过于发达，导致了愚者和智者之间有一个非常大的峡谷，聪明的人非常聪明，而蠢的人过于愚蠢，因为科技的发达而拥有的大量的生产力会使人类过上高质量，资源充足的生活，还有人力被机器代替，这就会有了说白了就是混吃等死人士，而高智商人士都会成为博士或者计算机机器人管理
2020-11-15 20:25:26,Mr-Y-1,首先你没搞明白这个逻辑，人类为什么选择死神?那是因为她是死神所以人类才会选择她，而如果她不是死神那人类就不会选择她，那没了死神也就不会有死亡，所以根本原因还是被选择的这个人，和选择者只是间接关系，并且死神的杀人权在她自己的手中，她杀人完全是主动意识，并不是被动意识。
2020-11-15 20:17:22,Mr-Y-1,如果说黑暗森林里的普通文明是猎人，那归零者就是钢铁侠
2020-11-15 19:25:10,闻暮dusk,gx他们速度能到光速？他们就是科技发达一些
2020-11-15 19:22:02,超级无敌螺旋年糕,但是一想起以后我的子孙后代要被程心这样的人领导。我就体会到那句想再活500年的意境了
2020-11-15 19:15:08,超级无敌螺旋年糕,那个是大神文明为了克服黑森林的一种做法。而且好像奥特曼真的不怕二向薄。
2020-11-15 19:07:19,小寒ag,老渔夫了
2020-11-15 19:01:51,超级无敌螺旋年糕,:游戏里的女娲和盘古都是旧世界的难民，旧时空要毁灭才坐着避难船(方舟)逃难的。而为什么里面会出现一些和历史类似的人物是因为旧世界的毁灭是因为时空的崩塌，崩塌后的新世界里时空碎片掺杂其中又互相影响，形成了某种必然。。。
2020-11-15 18:53:53,超级无敌螺旋年糕,不是吧，这个事是真的腾讯既然不拿来嘚瑟
2020-11-15 18:36:42,隔壁家的阿靖呀,但是汪淼留下的东西确很有用
2020-11-15 16:45:06,秋之韵0108,文火
2020-11-15 16:43:08,秋之韵0108,还有文火[呲牙]
2020-11-15 15:07:05,sigh-sadness,ds因为保护了罗辑，所以有用[大哭]
2020-11-15 15:05:29,sigh-sadness,罗辑传出了不久的时候，这里连999都没到，第二次来看已经一万多了我的三体 把这本书展现在了大众的眼里感谢😊
2020-11-15 12:20:34,__歌者__,我直接二向箔打击👦🏻
2020-11-15 11:01:47,天机局,自以为很懂？看了一会三体就觉得自己很牛逼了？ 觉得自己很厉害了？
2020-11-15 11:01:04,天机局,云警？
2020-11-14 21:33:12,兜里的囧君,太同意了
2020-11-14 21:32:59,兜里的囧君,同意 没有叶文洁就没有罗辑的面壁成功 没有她也就没有三体入侵 天使与魔鬼
2020-11-14 20:01:42,折勝5号,三体三女人毁灭全宇宙
2020-11-14 19:57:52,折勝5号,我的初中班主任也是，物理老师，有一次我问她题时举了个例子关于超距通信的她就问我是不是看过《三体》[大哭]
2020-11-14 19:48:38,djjdieijsjdis,汪淼-人类眼中的工具人
2020-11-14 18:44:24,望殇兮,100%韦德
2020-11-14 18:05:15,人类比赛_还未结束,多年后，我又回来听了这首歌，最后才发现，没人感谢罗辑.
2020-11-14 15:59:46,傻男孩kiss,是Killer.
2020-11-14 15:46:52,你的女士是我啊,加油加油
2020-11-14 12:01:18,MoMa_KuTa,信  圣  母  者，得  永  生
2020-11-14 11:20:43,盄賸颺纗缞,王者荣耀世界观就是刘慈欣写的，你不信可以查
2020-11-14 09:01:09,刑yi,震撼
2020-11-14 02:04:29,最后的神之手,罗非鱼，永远滴神
2020-11-14 02:04:04,最后的神之手,甚至还往火里泼了一桶汽油[西西奸笑]
2020-11-13 23:50:48,某不知名面壁者,那人老☁️了
2020-11-13 23:49:30,某不知名面壁者,☁️赶紧去看书别在这☁️
2020-11-13 23:48:50,某不知名面壁者,那人好像☁️读者
2020-11-13 23:46:22,某不知名面壁者,你看过书？水滴灭了罗辑的话人类也大体知道黑森法则☁️读者
2020-11-13 23:40:38,某不知名面壁者,看过书？星舰地球怎么就被灭了
2020-11-13 23:37:17,某不知名面壁者,归零者在其他高维文明眼中真的算不上什么
2020-11-13 22:48:46,THE_14,不是可以升维，吞噬帝国是可以进入高维，你本来就有能进去和二维改三位是不一样的。维度一旦被破坏性降低（降维武器），高维信息就丢失了，以能量的形式放出来，不能恢复了。原文中有说。升维也不是更高文明的技术，智子就可以。
2020-11-13 21:56:23,屑刀客塔想考到810分,这是个梗哈哈哈哈哈我加滑稽了快来欺负这个老实人
2020-11-13 21:32:40,卧艹艹艹艹艹艹艹艹艹艹艹艹艹,他是作者。。。
2020-11-13 21:29:47,卧艹艹艹艹艹艹艹艹艹艹艹艹艹,是水星
2020-11-13 17:40:43,小树林呦走一走,汪三水不配拥有姓名[大哭]
2020-11-13 17:05:23,小马奔腾万赫雷,撵我脸上了
2020-11-13 13:07:38,凛冽丨星雨,呃，大刘都说这是笔误，怎么还有人信
2020-11-13 00:05:32,一条特立独行的罗非鱼,世界属于三体，固体，液体和气体
2020-11-12 19:27:53,蓝色饼铛舰长,本考试由智子监考，请勿妄图欺骗主
2020-11-12 19:26:55,蓝色饼铛舰长,三体炸了，三体舰队在2000年出发，预计400年后到达地球；太阳膨胀了，流浪地球在2040年出发，预计2000年后到达三体星系。地球和三体星系的距离约为4光年，请问他们什么时候相遇？那么中间有一个智子，可以以光速折返于流浪地球与三体舰队，请问智子总共走了多少光年直到地球与三体碰面？
2020-11-12 18:39:50,伊万诺维奇z,汪淼好像是存在感最低的主角
2020-11-12 16:22:25,夏季丶指间流走sunshine,两万多评论了，加油！
2020-11-12 12:23:26,回忆是路过我耳朵的忧伤,不能，我已收到
2020-11-12 10:25:30,RX-78-2Gundam,“我对三体世界说话。”罗辑说，声音并不高，他本想重复一遍，但是没有，他知道对方能听到。罗辑离开墓碑，站到他为自己挖掘的墓穴旁，将手枪顶到自己的心脏位置。
2020-11-12 10:24:49,Icy_wake,好
2020-11-11 22:20:20,知其然亦知其所以然,辛苦了
2020-11-11 21:22:15,----龙猫----,“不行。”长老立刻回答“威力太大。”
2020-11-11 19:05:46,蓝色饼铛舰长,收到，已照做
2020-11-10 21:09:54,凉皮佛,两堆虫子之间的战斗，在虫子眼里十分壮观；但在大神眼里，只是两堆虫子在打架而已
2020-11-10 21:02:11,凉皮佛,目前我的三体原作者正在制作中，预计2022年上线～
2020-11-10 20:58:40,B站星尘之海,hhhc
2020-11-10 13:02:16,夜色丶未央_ps7B,同城
2020-11-10 11:25:07,亚哥布兰度,简单来说就是把被诅咒的恒星坐标以无线电的形式发送出去，让全宇宙知道他的位置，被诅咒的恒星上面有没有文明已经不重要了，总有高级文明回去毁灭他的
2020-11-10 06:37:01,暮影thisme,广播地球坐标
2020-11-09 23:22:27,南宮痕1710,膜拜大佬！！！
2020-11-09 22:06:38,水充满了自身,我问一下，程心传什么时候出，不出信不信我给你三连（取关 举报 踩）
2020-11-09 22:05:29,水充满了自身,我的三体的？
2020-11-09 22:04:24,水充满了自身,叶文洁：所以能撤回吗？
2020-11-09 20:40:40,提亚福斯,监听员对逻辑说，也许爱的萌芽，在雨之后的其他地方也存在，我们应该鼓励他的萌发和成长，为此我们可以冒险逻辑的回答是对可以冒险。而且对死神永生他已经回答过了，太阳快落下山了，你们孩子居然不害怕，当然不害怕他知道明天太阳还会再升起来。从这里就早就可以看出来逻辑，不在乎人类。
2020-11-09 20:39:28,提亚福斯,在第2季的结尾，黑暗森林，作者已经来下伏笔了，逻辑并不讨厌爱，因为它在于半个世纪前曾向地球发出警告的监听员的对话中，已经表明，三体世界也是有爱的，但因其不利于文明的整体生存而被压抑在萌芽状态，但这种萌芽的生命力很顽强，会在某些个体身上成长起来。
2020-11-09 19:24:34,提亚福斯,我真希望一开始与主对话的是罗辑啊。而且三体二中活了200岁的监察员，已经告诉了你们之后的所有剧情，他也早已表明，不管接下来会发生什么罗辑都不在乎。
2020-11-09 14:28:33,怎么可以这么随便,一首让人起鸡皮的歌
2020-11-09 13:20:41,HaJucy,啊啊啊啊啊啊啊啊我真的好爱云村！我昨天B站刚刷了三体的剪辑视频，很喜欢这首，还有夜航星，但是我太累了就去睡了，结果今天日推就是黑暗森林！云村！你把我惹哭了，要负责！！！[流泪][流泪][流泪]
2020-11-09 12:53:05,高砹酸钫-切断传播途径,谢谢[拜]
2020-11-09 12:19:12,Tim40404,（我们的舰队在太阳的一颗卫星中发现了一些古老的遗迹经过科学家们的考古，最终确定一个名为人类的种族灭亡与自己无休止的内斗之中）
2020-11-09 09:14:13,丨陌璃,真的[奸笑]
2020-11-08 22:45:55,小小亮-xxl,感谢我的三体圆了我的三体电影梦
2020-11-08 20:24:15,Diego_Brando-Dio,"“一，吃饭是员工生存的第一准则。二，食堂中的员工不断增加，但食堂中的饭菜总量保持不变。"""
2020-11-08 13:53:05,喜欢娵訾的实沈,电磁波的发射功率超过太阳阈值，太阳将不再像原先一样将其吸收而是把它放大，放大后的波将有足够的能量撑过传播途中的衰减，从而向远处传播，让远方的文明接受到信号，远方文明根据黑暗森林法则对目标进行打击（小说里是这么写的，事实上太阳能不能放大电磁波我还没学[大哭]）
2020-11-08 11:58:51,乔乔乔千,两个个体在没交流前对对方猜疑：你猜疑我是怎么想的，我猜疑你是怎么想的，就算你知道我是怎么想的，我也知道你是怎么想的，但你还会猜疑我是怎么想你的，我也会猜疑你是怎么想我的……这样的猜疑在没有进行交流前会一直循环下去，形成一条链，即猜疑链。
2020-11-08 11:31:57,多啦ABC梦_nJ9j,不是说在跳动吗，好像是对整个人类的感情
2020-11-08 11:30:52,多啦ABC梦_nJ9j,前进，前进，不择手段地前进！（韦德）
2020-11-08 11:28:32,多啦ABC梦_nJ9j,抓周树人和我鲁迅有何关系
2020-11-08 11:09:59,隔壁家的阿靖呀,啊不是汪淼？
2020-11-08 09:52:51,一只平平无奇的大白鹅-颜颜,程心永生
2020-11-08 01:22:26,Resetly_,换一种方式思考，或许我们都能活下去。世界不配拥有罗辑。
2020-11-08 00:59:24,whxjacob,全是男的（女🐩震怒）
2020-11-08 00:41:23,祈者自安,褚岩啊，继承了北海的意志
2020-11-08 00:06:54,蓝色饼铛舰长,归零者可能是一个或者一群文明，想要凭借他们的实力通过小宇宙排出的物质钓鱼。毕竟有小宇宙对高等文明太危险了，总有文明在小宇宙中打破了质量守恒定律或者能量守恒定律（因为小宇宙独立于大宇宙，可以篡改物理规律），从而获得无尽的力量打败高等文明。
2020-11-07 19:51:17,伊万诺维奇z,营销号说罗辑进入三体游戏
2020-11-07 19:28:02,火柴烧,不管是先有鸡还是先有蛋，第一只鸡或第一个蛋在历史上客观存在文明亦然
2020-11-07 17:31:05,那一曲百转千回,面壁人罗辑，和三体世界对话!
2020-11-07 15:09:32,千诤,原世界观太俗了，为了这一方面不被比下去专门找的大刘。有一说一如果大刘接手后就算没做任何改动就是冠名都能有不错的品牌效应
2020-11-07 15:06:29,千诤,歌者：“二向箔来一个。”虫子和人一起没有了
2020-11-07 11:43:35,莫离180214,我觉得归零者应该是有着一个共同目标的许多文明。高级文明获取信息了解宇宙情况后可能会选择加入。归零者的名字只是人类取的，也许他们都是完全不同的，不认识的许多种族。
2020-11-07 08:20:55,滑-稽-的-秀-儿,刚才查了一下，大刘还就真是王者的世界观设定者
2020-11-07 08:16:23,一只平平无奇的大白鹅-颜颜,主持人:秦始皇，请你评价一下对方学手。   秦:额，韦德这家伙，我不想评价，罗辑这波回首掏确实挺⑥，云天明老子把你当兄弟你就怎么对我的，让后史强……神级奶妈，章北海也是挺⑥的，给人类保存了一个火种。最后我还要说一下，我方选手程心，她是真的流弊。记:其实程心是对面的      秦:我去！！！！
2020-11-07 08:13:03,奇怪的罗非鱼又冰冻了,老卢本伟了
2020-11-07 01:57:33,一起去吃饭嘛,草！
2020-11-06 19:42:14,很棒的乔尼乔斯达,草同城，握爪
2020-11-06 19:38:17,手-起-刃-落,黑暗森林法则
2020-11-06 17:17:46,埋-我爱,圣母爬
2020-11-06 16:14:55,反向我,罗辑的诅咒是怎么做到的？
2020-11-06 15:50:47,反向我,褚岩
2020-11-06 15:49:00,君兮祸兮,漫天繁星，举目皆敌。
2020-11-06 15:46:42,君兮祸兮,漫天繁星，举目皆敌。
2020-11-06 05:59:31,有点布什尔维克的同学,韦德当上了也会被推翻，没办法啊233
2020-11-06 05:30:53,小明哥哥1995,这只是比喻宇宙是黑暗森林，毕竟每个文明都隔很远，你假设一下现在科技有能打很远的枪能从南半球打死北半球的人，你是西半球的人能发现是哪里开枪的？就算是死了人你都不知道，别说开枪的人了，如果死的那个人主动暴露自己位置你才会发现吧
2020-11-06 00:33:00,踩小强的小强,爬，脑瘫
2020-11-05 22:14:21,吾音mymusic,致敬三体，我的朋友。那本书读起来太费脑子了（好好读的话），而且感觉世界观都炸了。
2020-11-05 21:42:16,鴘魓,程心呢？
2020-11-05 19:22:06,神通万象,因为黑暗森林是逻辑推理出来的，三体人智力不可能比地球人低
2020-11-05 19:17:02,神通万象,归零者是高维文明降下来的，说不定还是最初的11维文明之一，现在的宇宙只是他们的战争残骸，它怎么会在意黑暗森林？
2020-11-05 19:14:51,神通万象,褚岩，希恩斯作用不比他们小
2020-11-04 23:02:23,liang_an7q,发现宝藏，超燃音乐，网抑云新知识之不抑云
2020-11-04 22:19:34,天宇小宝宝,一个文明在发现另一个文明之前并没有交流，也不存在思维透明所引发的问题，猜疑链还是存在
2020-11-04 22:04:40,秋月明山_,现在网络就是这样的大环境，喜欢音乐又谨言慎行的人都在安静的听歌。
2020-11-04 21:52:39,纶霜,然后还有好多人在原曲下ky（给三体拉黑说实话我都看不过去了）然后理直气壮
2020-11-04 21:43:14,秋月明山_,大家都在关注三体啊，只有我注意到原曲是初音的《Schwarzer Regen》吗？[多多笑哭][多多笑哭][多多笑哭]
2020-11-04 20:34:01,ZHYFAN0317,叶文洁不是已经对人类失望了吗 怎么又想灭火了
2020-11-04 20:30:50,ZHYFAN0317,云天明是哪部第三部吧 看完一二我没点印象了
2020-11-04 20:28:04,ZHYFAN0317,“我对三体世界说话。”罗辑说，声音并不高，他本想重复一遍，但是没有，他知道对方能听到。
2020-11-04 18:44:24,-安塞尔-,A带了消音器所以不会有其他文明被引来（狗头保命）
2020-11-04 15:04:30,星辰闪耀时,“我有一个愿望，有一天能有一把火烧了这片黑暗森林”😏
2020-11-04 00:56:47,鲱鱼QAQ,我在这里”
2020-11-03 22:47:44,manxhrbfhidnfjqlcnfiekdn,若猜疑链成立那么宇宙或许根本就不是所谓猎人互相提防的“黑暗森林”，而是互不关心一起拾荒的“大垃圾场”如果猜疑链不成立，那么就是人类文明在寻找外星文明的方法上出现了问题：谁说外星环境得那么苛刻才能造出生命呢？如果对生命的探索仅限于对比地球生命我觉得找到外星生命是极其困难的
2020-11-03 22:35:28,嗷鲨鱼辣椒,死    神     永    生
2020-11-03 21:52:19,酸甜可口氯化钠,真可以，两个角色是不同的，凭什么能刷
2020-11-03 21:51:14,酸甜可口氯化钠,是，在罗辑的歌刷北海，是我云
2020-11-03 20:48:21,逸云流光,就是指“蓝色空间”上的人最后也死啦？😨
2020-11-03 18:57:22,忘川留情,好家伙，云的可以[西西机智]
2020-11-03 14:06:36,见风起意,伊文斯在第一部就死了 维德是在第三部出现的
2020-11-03 13:33:38,STAR-2001,爬，杠精
2020-11-03 13:33:17,STAR-2001,面壁者罗辑，我是你的破壁人
2020-11-03 12:37:16,嘿咻嘿咻-JTS,还有一个坟墓文明，不是三体中的
2020-11-03 11:02:13,这次十点就睡,仰望星空 满目皆敌
2020-11-02 19:14:52,天煜Z2,[多多大笑]
2020-11-02 18:34:51,岚荒渡,你不要，我害怕。。我会坍
2020-11-02 00:39:53,丶冷染青花,看完水滴篇，逻辑太厉害了哇
2020-11-01 12:16:44,殷王武丁,逻辑
2020-11-01 11:09:51,犟犟牛牛,太赞了！期待更好的作品！
2020-11-01 11:07:25,犟犟牛牛,离现实最接近的只有纳米丝了。
2020-11-01 11:05:24,犟犟牛牛,致敬！
2020-11-01 10:44:44,举恒永忘之间,按照原著的综合表述：宇宙是从高维往低维降阶的，不管是因为战争还是什么原因。再根据蓝色空间成员在四维空间里听魔戒说的话可以了解到归零者很有可能是逃出去的鱼，所以它们不怕暴露，技术超越一切也是可以理解的，因为它们可能是高维的技术
2020-11-01 10:43:13,举恒永忘之间,按照原著的综合表述：宇宙是从高维往低维降阶的，不管是因为战争还是什么原因。再根据蓝色空间成员在四维空间里听魔戒说的话：归零者很有可能是逃出去的鱼，所以它们不怕暴露，技术超越一切也是可以理解的
2020-11-01 09:53:17,冥王星和它的卡戎,宇宙年龄只是大致估算，135到140各种说法都见过，这就不用纠结了
2020-11-01 09:39:58,多啦ABC梦_nJ9j,浸泡
2020-11-01 00:00:10,浊心待明,让我看你一眼，就看一眼。
2020-10-31 23:59:33,某佳的骑士父亲,人类的未来，是会像三体般悲壮，还是stellaris那般史诗
2020-10-31 23:57:45,浊心待明,有一天，这干枯过无数次的海又会再次干枯。
2020-10-31 23:29:26,毛豆毛豆炒鸡蛋,三体可能并没有必要理解其中原理，只是发现了暴露即灭亡这个事实
2020-10-31 23:23:36,_-快_乐-_,云天明还真就最强大脑呗
2020-10-31 20:01:20,生命诚可贵love价更高,是的。宇宙根本不在乎人类
2020-10-31 18:57:12,vidtgiout,人有国，音无界，知己难得，听千曲，留万字，情怀不表， 网络天下，易节寒暑，云雨缥缈，音传千里，乐以传教。
2020-10-31 18:56:52,沧极无尘,词填的真好。
2020-10-31 18:53:26,affectionate-love,把人类看做虫子的三体人似乎忘记了一个事实：虫子从来就没有被真正战胜过。
2020-10-31 11:27:02,仐圠,纬度，时间，空间，所有我们能够想的的物理形态之外的生物，我们无法理解无法探知的存在。
2020-10-31 10:23:36,妖怪多1712,这个封面很贴合
2020-10-31 09:54:13,忘川留情,傻孩子燃起了火堆傻孩子笑着说我在这里
2020-10-31 09:27:25,半月椰子酥,王者荣耀的世界观总工程师就是大刘啊[大哭][大哭][大哭]
2020-10-31 09:11:49,四月过客,我地质锤不配拥有姓名？？？（手动滑稽
2020-10-31 00:06:05,奇怪的罗非鱼又冰冻了,那晚来的二向箔被二向化后会变成一向丝吗？
2020-10-31 00:03:57,奇怪的罗非鱼又冰冻了,程心加入游戏全太阳系断网断电，全员增加50个debuff，水晶自己掉血，人类反复去世三体，歌者等文明网络延迟归零，自带50个buff，一刀秒一个，水晶无限回血，全员无限复活罗辑，维德，章北海，史强，云天明，关一帆，丁仪等举报了游戏三体游戏永久停服，程心获得永生buff，成为最终的赢家众：淦！
2020-10-31 00:03:24,奇怪的罗非鱼又冰冻了,程心加入游戏全太阳系断网断电，全员增加50个debuff，水晶自己掉血，人类反复去世三体，歌者等文明网络延迟归零，自带50个buff，一刀秒一个，水晶无限回血，全员无限复活罗辑，维德，章北海，史强，云天明，关一帆，丁仪等举报了游戏三体游戏永久停服，程心获得永生buff，成为最终的赢家众：淦！
2020-10-30 23:55:26,奇怪的罗非鱼又冰冻了,罗非鱼？叫我？
2020-10-30 23:54:06,奇怪的罗非鱼又冰冻了,最没用的人：汪三水（等等，他是谁啊）
2020-10-30 23:52:29,奇怪的罗非鱼又冰冻了,想起来了，当年菜鸟MV，三厨碰头
2020-10-30 23:52:02,奇怪的罗非鱼又冰冻了,应该是在一个MC歌里见过
2020-10-30 23:51:37,奇怪的罗非鱼又冰冻了,我在一个评论里见过你
2020-10-30 23:51:16,奇怪的罗非鱼又冰冻了,叫我？
2020-10-30 23:50:20,奇怪的罗非鱼又冰冻了,拖更者神游八方，我是你的催更人
2020-10-30 23:48:35,奇怪的罗非鱼又冰冻了,先看看，应该还行
2020-10-30 23:48:02,奇怪的罗非鱼又冰冻了,拍摄了……
2020-10-30 23:46:21,奇怪的罗非鱼又冰冻了,都是我的三体歌，凭什么不能刷？
2020-10-30 21:43:21,一只平平无奇的大白鹅-颜颜,啦时作者的感性
2020-10-30 21:42:27,一只平平无奇的大白鹅-颜颜,两千响够吗
2020-10-30 21:39:39,一只平平无奇的大白鹅-颜颜,逻辑说过，让所有三体舰队和水滴全部返航
2020-10-30 21:29:30,一只平平无奇的大白鹅-颜颜,称心:老子还玩**个锤子
2020-10-30 21:27:55,一只平平无奇的大白鹅-颜颜,因为个批了
2020-10-30 21:24:29,一只平平无奇的大白鹅-颜颜,我告诉你，其实是刘慈欣运用了神之力量，帮归零者突破了猜疑链
2020-10-30 21:15:21,一只平平无奇的大白鹅-颜颜,不，更长远来看，是作者杀了罗辑
2020-10-30 21:14:12,一只平平无奇的大白鹅-颜颜,星弟，要打就大哥做作业会死的钢印呀
2020-10-30 19:19:32,音乐可以改变一个人的思想,聆听！
2020-10-30 06:33:03,miku-suki-,都好听(ง •̀_•́)ง
2020-10-30 06:11:04,青鱼-梓,你是真神游？
2020-10-30 00:34:11,末尘人,人类不配感谢罗辑
2020-10-30 00:04:23,孤坟墓前忠骨尸寒,虫子还没被打败
2020-10-30 00:02:06,孤坟墓前忠骨尸寒,不知名的妹子叫白蓉
2020-10-29 21:47:09,星澜Starillow,程               心
2020-10-29 21:36:06,迟到的评论君,什么叫不再从六点打开？
2020-10-29 20:04:53,O多金,是的
2020-10-29 18:51:57,cctb0508,你们可能不知道，一个人毁灭太阳系和搞翻面壁计划是什么概念，我们一般只会用两个字形容这种人—圣母！我说过，当年罗辑用几千吨核弹逼走了三体人，我程心用威慑计划在逼走一次他们，不是问题！诶，先送一个大脑，曲速很有潜力，可惜发展不得，反正我都能搞定。
2020-10-29 18:51:20,cctb0508,怎么，三体你快一点啊三体！来，给三体送一整个舰队，给三体送一群舰队。来，用水滴搞我啊，冲击太阳，漂亮！一张二向箔你能秒我？你能秒杀我？你今天能用二向箔把我程心秒了，我当场！就把这个智子吃掉。接着，太阳系毁灭。
2020-10-28 21:49:26,我TM很快就到你家门口,水滴以人类力学无法解释的力量拐了一个40º的锐角，直冲第一舰队的无限边疆号而来
2020-10-28 21:44:29,一只豸辞,「靓仔疑惑」
2020-10-28 21:43:29,manxhrbfhidnfjqlcnfiekdn,由此看来，宇宙的形态与其说是猎人拿枪互相警惕对方的“黑暗森林”，倒不如说是一个四处都是互不关心的拾荒者的“大垃圾场”而已
2020-10-28 21:43:14,一只豸辞,不至于不至于，都是三体的曲子啊
2020-10-28 21:40:35,manxhrbfhidnfjqlcnfiekdn,黑暗森林是一个极其不完备的理论。若猎人A在黑暗森林中发现猎人B，A应该开枪。那么请问：攻击是否发出“枪声”？“枪声”是否会引来其它文明？“子弹”是否能够杀死B？B的出现是B的不经意还是B的试探？被引来的文明C、D、E、F等是否会重复上述思考？
2020-10-28 21:34:50,Astons117,哈哈哈
2020-10-28 20:47:32,酸甜可口氯化钠,ky爬
2020-10-28 20:45:54,酸甜可口氯化钠,还有三体
2020-10-28 20:45:51,酸甜可口氯化钠,斯，你知道崩坏系列吗
2020-10-28 19:29:35,空梦卍幻象,这就很。。。。
2020-10-28 18:52:02,热心市民魏小某,8程心
2020-10-28 18:28:34,左手持花_,满天繁星，举目皆敌。突然细想明白这句话，真的能让自己抽搐一下，天空中的每一个亮点都在虎视眈眈的看着我们，说不定毁灭正在路上，或者下一秒就是毁灭。
2020-10-27 23:10:46,roushanman,结合上一条热评，归零者是凹凸曼
2020-10-27 23:07:41,久羞,因为王者背景故事就是刘慈欣写的
2020-10-27 21:59:56,80式,草！！
2020-10-27 19:44:44,idontlikemuer,但叶文洁却是是个很让人喜欢的反派，起码还告诉了罗辑黑暗森林，但另一位纯属emmm
2020-10-27 19:42:23,小马奔腾万赫雷,深海老酒值得拥有姓名
2020-10-27 15:23:23,学吉他只为演奏无题,其实我觉得大刘确实有点... 很隐晦，笔下的男性大多都理智并且很大贡献，不管聪不聪明，女性则是不管聪不聪明，肯定都不理智，沾点nt
2020-10-27 15:21:02,学吉他只为演奏无题,她有错，因为她是伪装的很好的利己主义者。在澳大利亚逃跑的时候她可以让座给几个小女孩的，但她只想保住自己。她骗了全人类。
2020-10-27 08:34:32,浪子_莲,那个。。。王者荣耀的背景故事指导就是刘慈欣。
2020-10-27 07:10:40,一条抓猫的鱼,可以去听听夜航星，不会让你失望的
2020-10-26 23:45:36,释负的心,习惯了黑暗森林的人 看到阳光也会受伤
2020-10-26 22:56:05,ZPLRD,其实顶级文明就已经能认清宇宙的终极是什么了，无暇顾及人类的所谓黑暗森林法则，甚至于黑暗森林法则本来就是人类的被迫害妄想症的结晶而已，生在一个注定要毁灭全文明的宇宙里，侵略往往是最浪费时间的，没错，宇宙的终极就是死，死一般的寂静。
2020-10-26 19:29:17,音乐可以改变一个人的思想,[可爱][可爱]
2020-10-26 16:44:45,邪水1327,哇，嘻嘻~
2020-10-26 13:35:03,音乐可以改变一个人的思想,我也来听了。
2020-10-26 12:32:09,奈何苦聚,回来听
2020-10-25 22:36:30,天道元乱,不要回答！
2020-10-25 20:54:54,邪水1327,我来啦！
2020-10-25 19:13:24,Damocles_Oxygen,大刘上帝之手[doge]
2020-10-25 18:22:02,推一下眼角膜,当时好像有智子干扰
2020-10-25 18:20:39,推一下眼角膜,把三体一和三在看亿遍后来说话
2020-10-25 18:07:03,我从手卡发动十二兽的会局,第一舰队才百分之一光速，这里指的是光速接近的第二舰队。
2020-10-25 13:58:32,抱歉-_-昵称加载失败,哦[多多调皮]
2020-10-25 11:16:29,大部分都行,这才是文明
2020-10-25 10:57:01,人语湖口笙,藏好自己，做好清理
2020-10-25 10:56:01,人语湖口笙,死神永生里不是写了吗，高级文明不仅随意使用二向箔打击，还拥有把自己降维生存的能力
2020-10-25 10:54:41,烟渚孤鸿,谢谢你们[多多大笑]
2020-10-25 09:49:01,possibility-朱家福,人类不（配）感激罗辑
2020-10-25 09:25:57,抱歉-_-昵称加载失败,猜疑链啊，猜疑链
2020-10-24 20:56:37,抱歉-_-昵称加载失败,预言家啊
2020-10-24 20:56:15,抱歉-_-昵称加载失败,在有科技的情况下，按照黑暗森林法则，干脆把10个都吸了好了🐶[狗]
2020-10-24 20:35:31,抱歉-_-昵称加载失败,我有一个问题：二向箔只能清理不会光速飞船的低级文明，那幸存的高级文明会反倒成为自己的威胁，所以二向箔是不是并不好用
2020-10-24 20:30:02,抱歉-_-昵称加载失败,是作品集《流浪地球》中的
2020-10-24 20:27:23,抱歉-_-昵称加载失败,emm三体舰队不是早就出发了吗
2020-10-24 20:20:17,无形的孤独,有点东西
2020-10-24 18:35:01,StarRimCity,但，宇宙不是童话
2020-10-24 18:09:44,抱歉-_-昵称加载失败,他们知道脑电波传不了那么远
2020-10-24 18:03:40,抱歉-_-昵称加载失败,7！
2020-10-24 17:55:49,咒念怨,那就是正常的了，我们班女生也是这样。。。
2020-10-24 15:51:58,好名子都被抢了,罗辑是实在带不动人类想不开自杀了吧
2020-10-24 15:17:23,不靠谱的zero君,我就说知乎为什么给我推黑暗森林有关的话题！
2020-10-24 15:13:41,GA神说要有光,你的三体什么时候出第二季
2020-10-24 14:39:44,鬼山莲泉kenny,抛砖引玉
2020-10-24 12:11:09,Dust尘埃sans,动漫电影什么时候播2021几月
2020-10-24 11:39:20,胖橙_陈,你看下能召唤怪兽的贝利亚吧，几乎吊打所有奥特曼，冰冻整个光之国，但是挡不了奥特之王的一招
2020-10-24 10:43:34,一个快自闭的人_Md1s,当这个音乐响起的时候，逻辑在电梯里面思考舰队怎么被围歼了？
2020-10-24 10:43:21,花心大辣椒,感谢[拜][拜]
2020-10-24 01:22:34,屑刀客塔想考到810分,而且整天看言情小说
2020-10-24 01:22:17,屑刀客塔想考到810分,对
2020-10-23 22:31:25,咒念怨,给我来个一箱，好让我朋友早日去往二次元【doge】
2020-10-23 22:24:39,咒念怨,但没有庄颜那罗辑到现在都搞不懂黑暗森林
2020-10-23 22:18:44,咒念怨,这是女的？
2020-10-23 21:24:45,逆着时光的人,我也是怎么想的!最初的几个文明之间会发生战争，但他们像几个垄断的帝国一样，在没有绝对把握的情况下不会向最初的几个文明帝国发动战争，而会选择虐杀新崛起的文明种子，战争后期后时代的文明组成联盟向早时代的文明发动进攻，就和三体三中剧情一致了。
2020-10-23 20:54:17,此帐号在注销,对，属于那种想了很多（远多于2K响）的野生钢印族，自己看透了人类必败。
2020-10-23 20:49:16,岚荒渡,那最后的宇宙联合公报为什么会有地球语啊（只剩两个人不算一个文明吧，还有发布者即使知道也应该不会专门发布地球语信息吧）
2020-10-23 20:48:34,此帐号在注销,真的。。。一片降维，歌者那片丢晚了验尸了
2020-10-23 20:47:03,此帐号在注销,废话！！！当然选咸鱼！！！！！
2020-10-23 20:43:53,岚荒渡,您好，很高兴认识你。我是一个量子态生命，更准确来说应该是量子幽灵，如果您要研究雷球的话，可能会成为与我一样的存在，请慎重。
2020-10-23 20:39:02,岚荒渡,两种可能，一种是唯一的11维幸存者，另一种是惟一的0维文明（个人的猜测
2020-10-23 20:39:01,没有泡面的老坛不是我要的调料包,是这样？真实情况应该是第一遍啥意思啊？第二遍嗯有点意思，第三遍罗维我就是这个意思，伸手抹脖子。
2020-10-22 22:31:28,来自非人哉的啸天xt,有可能归零者是高维世界的文明呢？
2020-10-22 20:24:34,声殳香呀,看了小说，又听歌，激起一身鸡皮。傻孩子，快跑啊
2020-10-22 14:43:11,崩崩2008,对！国番之光！
2020-10-22 14:42:48,AM瑛子,太惨了呜呜
2020-10-21 22:29:47,南阳hate,傻孩子们！快跑啊！
2020-10-21 22:24:05,网易用户9732110,不可能，没喷
2020-10-21 22:20:58,网易用户9732110,倒不如说人类女性话是智子暗中操控
2020-10-21 21:31:32,Rick-est_Rick,我的主啊，你学会了欺骗
2020-10-21 21:31:13,Rick-est_Rick,毁 灭 打 击
2020-10-21 21:25:25,Rick-est_Rick,没关系的东方，都一样
2020-10-21 21:11:32,翎十,智子日志：监听人类第一个时间记录单位，听人类说有文化的大部分是学生。第二个时间记录单位，大学生是什么神奇物种。第三个时间记录单位，监控人类分类——大学生，日志到此结束，该文明不能毁灭，实行转播计划，三体人民要看沙雕。
2020-10-21 19:26:18,WaynePiedmont,以上均为我的缝合理论，也有可能两个小说完全不是同一个宇宙，轻喷。
2020-10-21 19:24:21,WaynePiedmont,归零者可能也是遵守着黑森法则:不向其他文明透露文明进化方法，因为如果别的文明也突破了技术极限那也就会对归零者发起进攻
2020-10-21 19:22:32,WaynePiedmont,我个人半支持技术爆炸限度论，个人认为归零者和大刘写的《朝闻道》里的排险者文明差不多:归零者文明的前期也是普通文明，在接受到了上一个宇宙发出的某种能持续存在的信息后发生技术爆炸，且突破了原有的限度，其他文明无法突破这个范围导致能力最高只能到这么点。
2020-10-21 18:58:09,默哀坠落,所谓道德加上萝莉[亲亲]
2020-10-21 18:16:24,翎十,是真的。。。
2020-10-21 18:14:50,翎十,程心啊必须，我觉得她是外星人派来的卧底
2020-10-21 18:13:13,翎十,哈哈哈哈哈哈哈哈
2020-10-21 18:05:30,翎十,这个电音！我直接泪目。罗辑，一位人类不配拥有的英雄。
2020-10-21 16:41:17,央山-凯先生,原来真的会对小说中的人物热泪盈眶，泪流满面啊！ 最近在看大刘的另一部作品《球状闪电》，非常好看，林云，好想抱抱你..
2020-10-21 16:39:17,央山-凯先生,想到这个男人，我就有些同情他，怎么就遇到了程心这个渣女，她负了云天明，亦负了维德..尽管她似乎很善良，甚至被称为“程圣母”，但我实在对她不太喜欢...
2020-10-21 13:30:12,鬼山莲泉kenny,怎么没人吹吹云天明，一个真正的大神，通过三个童话故事传递了那么海量的技术信息！“你看，那是我我给你买下的一颗星星”
2020-10-21 03:52:02,舜MinutestoMidnight,王者世界架构大刘做的
2020-10-20 23:18:44,人生真是个迷啊,“为了战争的胜利，竟要付出这样的代价吗?”程心“总比死了强。”关一帆
2020-10-20 20:08:08,咒念怨,不不不，因为庄颜罗辑才真正开始工作，为后来罗辑推理出黑暗森林理论做了铺垫
2020-10-20 20:02:20,咒念怨,三体之前有讲过，黑暗森林只是星际战争中打冷枪的存在，真正高级的文明是不屑于隐藏自己的
2020-10-20 19:33:00,起名好难200306,只能说程心是时代的选择
2020-10-20 19:25:44,起名好难200306,当时的行星防御理事会主席是代表联合国和太阳系舰队的，只能说是部分人的代表，并且当时另外六个执剑人的候选者都认为程心不适合当执剑人
2020-10-20 19:21:44,起名好难200306,程心不是被全人类选择的，她是以得到的票数是第二名的将近一倍当了执剑人的，选她的人可能有些是因为她把那两颗行星给了人类，于是人类认为她是圣母。而且经过时间的推移，当时的执剑人被认为是拥有巨大权力的独裁者，行星防御理事会主席认为让一个圣母成为执剑人可以避免大面积恐慌
2020-10-20 19:18:41,起名好难200306,程心不是被全人类选择的，她是以得到的票数是第二名的将近一倍当了执剑人的，选她的人可能有些是因为她把那些附属星球给了人类，于是人类认为她是圣母。而且经过时间的推移，当时的执剑人被认为是拥有巨大权力的独裁者，行星防御理事会主席认为让一个圣母成为执剑人可以避免大面积恐慌
2020-10-20 15:16:22,JO是珠,大佬：妈的这小家伙自由麦太吵了，得想个办法摁掉它
2020-10-20 09:17:06,在下孟德,伴奏比人声大
2020-10-19 20:13:19,卓sir_sFuZ,我觉得那是三体对逻辑的尊敬
2020-10-19 17:24:31,-杯酒尚温-,让我获赞，这是计划的一部分[奸笑]
2020-10-19 11:59:25,默哀坠落,同归于尽，三体自然不愿意。人类是被迫同归于尽
2020-10-19 10:01:50,你确定你期末考能过吗,应该是警察局
2020-10-19 08:48:00,laughing1011,他们的决定都是正确的
2020-10-19 08:47:37,laughing1011,其实面壁者都是伟大的～
2020-10-19 01:00:02,一只永远单身的狗剑客,这……云天明走好
2020-10-18 22:45:57,DesLee-genius,二向箔什么的，，以后二维世界要不要用一向丝？之前是不是还用过三向方什么的(●°u°●)​ 」
2020-10-18 21:14:16,五行缺欧QAQ,我也认为是三体人是会欺骗的，书中都有明确写到三体科学执政官在欺骗元首，三体人说自己思维透明显然是在误导人类
2020-10-18 20:09:49,homo第114514号,然而从第一部的种种细节来看，三体人是会欺骗的，三体人对地球人类最大的欺骗便是它们不会欺骗
2020-10-18 20:06:20,homo第114514号,但大刘承认了是笔误，但这却成了一个点睛之笔，正如文中的一句话“你再快也有比你更快的”
2020-10-18 17:37:14,皮鼠鸽鸽怪,云 读 者
2020-10-18 17:18:22,小伙子你不讲武德啊喂,不知名妹纸:我淦了罗辑[大笑]
2020-10-18 16:28:50,皮鼠鸽鸽怪,各个国家之间不早已开始了吗
2020-10-18 14:14:33,中二伦也,我劝三体电影，不要拍摄！！！不要拍摄！！！不要拍摄！！！
2020-10-18 13:32:30,猹就是猹-终究会被闰土抓,封面：三体文明与地球文明坐在黑暗森林篇末尾罗辑带来的暂时的光芒中无言相对．
2020-10-18 11:57:18,one哥忠实粉,骄兵必败是古话了，但还是没人吸取教训
2020-10-18 11:56:43,one哥忠实粉,三体人后面也有点飘了，不过没人类那么离谱
2020-10-18 01:36:57,悸病歆,三个王国的故事[西西奸笑][西西奸笑]
2020-10-17 23:05:34,如只是过客,维德呢？这么一个狠人都不上榜？
2020-10-17 19:18:54,陆柒拾参,关于这个，你可以去看一个叫做会穿越的流浪星球的小说，里面有对于归零者的一些推测
2020-10-17 19:17:36,陆柒拾参,这个某个沙雕小说里还真有...... 好像叫会穿越的流浪星球
2020-10-17 17:50:49,某科学的御坂14389号,冰冻罗非鱼，比刀还锋利还硬[大哭]
2020-10-17 14:20:22,小伙子你不讲武德啊喂,我看了三体后整个人都不好了
2020-10-17 13:53:05,小伙子你不讲武德啊喂,藏好自私，作好清理
2020-10-17 13:47:22,小伙子你不讲武德啊喂,旅行者9号预计三年后飞离太阳系……里面有一条坐标——地球[西西惊讶]
2020-10-17 11:42:30,猹就是猹-终究会被闰土抓,咸鱼是菜鸟？（MC)
2020-10-17 11:41:59,猹就是猹-终究会被闰土抓,披萨是怪诞小镇吗
2020-10-17 09:19:46,____iridescent__,知道m78星云原来的太阳为什么会熄灭了吧
2020-10-16 22:58:25,洛水迪,已阅，狗屁不通[多多捂脸]
2020-10-16 20:45:18,隐翼极光,看完第二部不敢看第三部了，第三部可太致郁意难平了ヘ(_ _ヘ)太黑了……感觉停在第二部也不错的样子[大哭]
2020-10-16 20:35:14,franklims,真惨
2020-10-16 03:19:26,一个人类7,有没有配乐版本？
2020-10-15 19:31:04,爱坑哈哈,同城诶
2020-10-14 20:36:39,猫-线-球,他的归宿是星辰大海
2020-10-14 13:00:05,薄荷之夏233,挂个名而已
2020-10-14 08:38:55,是李华,已阅，狗屁不通
2020-10-13 21:52:01,灵界行,专辑封面黑暗森林的混沌感，很贴切啊
2020-10-13 21:26:08,澄杳,来了，爱了，给了她一颗星星，走了
2020-10-13 13:32:15,世界聚焦于你--777,归零者：我就是群星开局，开局就有跃迁，黑暗森林是啥?
2020-10-13 10:17:33,感冒了要吃药,我们不能拿自己的文明去类推他们。他们未必经历过我们文明的后生阶段。你在论证条条大路通罗马，是低文明到高文明的阶段，但假如有的文明一开始起点就很高呢？他们一出生就在罗马，不需要任何进化，而我们为了生存，不得不进化出一切。黑暗森林法则也许对9成文明适用，但对归零者，不适用。
2020-10-12 22:58:07,季灵仙,这是人类的落日！
2020-10-12 22:27:53,人间正道涵子哥,自然选择号，前进四！
2020-10-12 21:37:54,止一forever,叶文洁最有用，统帅要是没按下回复三体的按钮，三部曲都没了
2020-10-12 21:11:53,霊籠三体,刘慈欣写的王者荣耀剧情，马化腾亲自请来的，可以搜索查
2020-10-12 21:11:11,霊籠三体,韦德
2020-10-12 21:10:58,霊籠三体,赞同
2020-10-12 21:10:40,霊籠三体,牛逼！！！
2020-10-12 19:25:41,Alexcnl,我们学校课间放了这首歌[可爱]
2020-10-12 16:59:07,jimmy浮云,好的，所以我没点赞🌚🌝
2020-10-11 19:10:07,152826153562151756153533,前进，不择手段的前进——托马斯·维德。  得想办法让船在白天通过——大史。  爸，这次好像要判很重的——史晓明。 你还能改造改造弓箭啊，刀啊，我他妈干什么去——丁仪
2020-10-11 19:09:35,152826153562151756153533,前进，不择手段的前进——托马斯·维德。  得想办法让船在白天通过——大史。  爸，这次好像要判很重的——史晓明。 你还能改造改造弓箭啊，刀啊，我他妈干什么去——丁仪
2020-10-11 16:13:01,破壁者鲲,真，死神，永生
2020-10-11 15:26:20,氢氦锂铍硼CNOFNe,大西洋沉船里的都绿了的罗辑快乐酒专家鉴定：能喝（附：引用时请注意剂量）
2020-10-11 15:20:16,凌凌宝贝Shaw,人类不感谢罗辑——
2020-10-11 14:56:16,峻See,地球人：我日三体人：我晶
2020-10-11 14:50:38,峻See,太阳快落下去了，你们的孩子居然不害怕？“ 当然不害怕，她知道明天太阳还会升起来的。”
2020-10-11 14:49:23,峻See,我们还是失败的计谋上。
2020-10-11 14:47:52,峻See,住手！
2020-10-11 14:45:38,峻See,黑 真tm黑
2020-10-11 14:40:19,峻See,碑是那么小，与其说是为了纪念，更像是为了忘却。老大刘了[大笑]
2020-10-11 14:36:23,峻See,海干了鱼就要聚集在水洼里，水洼也在干涸，鱼都将消失。
2020-10-11 12:48:36,1350436590,这一刻，沧海桑田。
2020-10-11 10:55:19,星曦来了吖,不，伴随着失火，牢底坐穿
2020-10-11 10:33:06,飞鳄捕歌,傻孩子们，快跑
2020-10-11 08:31:52,猫猫紫夜也是Rachel,这是计划的一部分
2020-10-11 08:13:34,醉光阴Childe,二向箔：说出来你可能不信，我差点没有单杀罗辑，是他自己送的人头！罗辑：你们辛苦了，我也累了！
2020-10-10 23:58:50,烟云梦染,兄弟，你这个我可以帮你介绍小说编辑，不骗你
2020-10-10 23:20:54,墓楚,恩恩，谢谢科普，那怪我见识短，但是TF是硅基生命。
2020-10-10 22:23:47,mymaverick,不要返回，这里不是家
2020-10-10 22:18:00,mymaverick,陨石雨
2020-10-10 21:09:22,我笑了他,水滴：老子不想杀他而己
2020-10-10 19:27:25,ZayinTet柒玖,人类亲手把自己推进了深渊啊
2020-10-10 00:35:59,-HoHO,那用得着恒星啊 后面人类就反叛暴动了  前途渺茫啊
2020-10-09 23:34:09,嗷嗷嗷嗷啊啊啊嗯,你这纯属阴谋论，三体人有病编个这理由？
2020-10-09 23:27:22,嗷嗷嗷嗷啊啊啊嗯,没看书？罗辑设置的程序，如果他死了，三体世界坐标立马暴露，罗辑用自杀的威胁建立了威慑，三体还巴不得罗辑好好活着
2020-10-09 23:25:14,嗷嗷嗷嗷啊啊啊嗯,我相信星舰人类没有被灭
2020-10-09 20:21:32,DAADVD,不是说地球在歌者文明母核的航道附近吗？
2020-10-09 18:45:24,猫猫紫夜也是Rachel,隐藏好自己，做好清理
2020-10-09 18:05:45,浊心待明,日！晶！
2020-10-09 17:47:55,kikwliku,众所周汁儿，流浪地球不是逃亡
2020-10-09 15:36:39,obitine-obisiri,其实次声波武器杀人于无形也很恐怖
2020-10-09 11:05:19,一只耳机没声音,三体人不配听这首
2020-10-09 01:15:02,Lin4_,你咋看的啊。。星舰人类建立了新世界，关一帆是随新世界的侦查队一起去到那颗星球遇到程心的，三体第二舰队与未知文明发生大战，第一舰队在新星球重新建立了文明
2020-10-09 01:02:15,Lin4_,前进前进！不择手段的前进！
2020-10-08 22:22:22,是闪电啦,不要回复！不要回复！不要回复！
2020-10-08 18:54:28,希姆剑心,这是个无解伪命题。你们忘记了猜疑链了。归零者的广播没有任何意义。宇宙不会重启的。
2020-10-08 15:33:45,-SCP中國分部-,全员进入深海模式，自然选择号，前进四！
2020-10-08 14:41:58,爱喝茶的吸血鬼,要多想🌚
2020-10-08 14:14:06,雨打阁楼闻听曲,无知就是无知。何必强装人呢？
2020-10-08 13:35:39,SMD圣萌岛,云天明：我不宣誓，在这个世界里我感到自己是个外人也没得到过多少快乐和幸福，也没得到过多少爱，当然这都是我的错……维德：这游戏真有趣，是吧？
2020-10-08 10:13:45,凌晨零点的风,他们的发展比我们快，并且早在我们之前就已经用了某种监视技术监视我们，或者他们早就猜到了文明之间会相互猜疑，相互监视以避免技术爆炸带来的威胁，因此他们能够通过监视别人的监视系统来达到掌握各文明的目的，再一个，他们本来就发展比其他文明早，也不需要怕技术爆发，因为即使爆发了也伤不到他们
2020-10-08 08:24:09,H_X_T猫头鹰,愤怒青年
2020-10-08 00:21:08,X熊者无敌X,谢谢你
2020-10-07 23:50:57,hhhhnub,归零者可能经历了无数宇宙轮回
2020-10-07 23:01:16,凤冰大大,20年的来了
2020-10-07 23:00:25,凤冰大大,谢谢宁们
2020-10-07 20:57:53,仙女养的居-,@梧桐少女nian 倒带木有VIP的，也不需要付费
2020-10-07 20:44:56,胖_砸,邪乎到家必有鬼
2020-10-07 20:42:36,player_11,黑，真tm黑
2020-10-07 20:33:13,羽月意织,ufo就和百慕大一样都是阴谋论者的鬼话，你是小学生还是中二病，真特么以为人类的飞行器是从脑洞里飞出来的？
2020-10-07 19:06:44,鲁鲁修-Vi-布列塔尼亚,我在想，拯救世界的也许就是你，庄颜
2020-10-07 17:15:12,-极夜伏特加-,大史，一位本是茫茫历史长河中平凡的人，相对于其他三位，并无异常灼眼的地位，也没有产生决定性因素，但人类回望历史时会发现，他确实站在了和其他三位同等重要的位置上。
2020-10-07 16:32:54,FUll口FPowER丶,额，提出来直接就炸了。你在多看看书吧
2020-10-07 16:30:51,九卿卿卿卿卿_FOOF,那个公主很像你唉——艾AA《三体III—死神永生》
2020-10-07 15:36:35,狂妄之人fafa,第五位我知道是谁
2020-10-07 12:57:13,奈何苦聚,对啊我说的就是智子
2020-10-07 11:51:59,-_---____--_-_-_--,不，还有更加长远的因素导致叶文洁发出信息，是因为WG等影响导致叶文洁发出信息
2020-10-07 11:48:42,-_---____--_-_-_--,这是基因导致的，男性基因越来越少，而且基因让我们的审美偏向于女性化，所以阴盛阳衰
2020-10-07 11:47:23,-_---____--_-_-_--,那个是质子不是杀罗辑的机器人服务员
2020-10-07 11:42:41,-_---____--_-_-_--,二级文明也是地球自己编的，当娱乐来看看就好了，这个等级不严谨
2020-10-07 10:54:25,星野日向H2SO3,黑，真TM的黑啊
2020-10-07 09:16:56,我负责起舞柱间负责付钱,桥豆麻袋内，叫你超越了吗[奸笑]
2020-10-07 06:25:56,翼德小哥,针眼大师的画
2020-10-07 05:55:55,萐雿,唯一不可阻挡的是时间，它像一把利刃，无声地切开了坚硬和柔软的一切，恒定的向前推进着，没有任何东西能够使它的行径产生丝毫颠簸，它却改变着一切。
2020-10-07 01:12:58,望心不见月,🤔82年的拉菲?
2020-10-06 23:52:08,雨打阁楼闻听曲,合着您还高人一等了？麻烦学完生物再来对线。
2020-10-06 23:39:13,梧桐少女nian,nb
2020-10-06 23:37:27,梧桐少女nian,我在这里！我在这里！
2020-10-06 23:27:05,梧桐少女nian,用文火
2020-10-06 23:13:28,梧桐少女nian,赶紧下载！不然又要VIP了
2020-10-06 22:40:03,时间Dely,第一，生存是文明的第一需要；第二，文明不断增长和扩张，但宇宙中的物质总量保持不变。[多多耍酷]
2020-10-06 22:18:52,猫灬男,黑，真tm黑啊
2020-10-06 22:13:56,翰翰1809,宇宙是一座黑暗森林，每个文明都是带枪的猎人
2020-10-06 20:57:08,H_X_T猫头鹰,类人猿
2020-10-06 20:04:26,AMFSuphi,像墓一样简洁
2020-10-06 19:56:35,AMFSuphi,在宇宙中是很难遇上的，其次智子已经没了，找到星舰人类的几率微乎其微。
2020-10-06 19:06:17,陌路MMZ,我去，有画面感了
2020-10-06 18:51:00,h羽翼渐丰,消除人类暴政，世界属于三体。
2020-10-06 17:40:01,枫叶城六弦阁檐下孤蓑,可能，接受过来自其他文明的血的教训
2020-10-06 17:36:04,枫叶城六弦阁檐下孤蓑,大刘还想写？！细思极恐！
2020-10-06 17:27:50,枫叶城六弦阁檐下孤蓑,不要回复！不要回复！不要回复！
2020-10-06 17:27:30,枫叶城六弦阁檐下孤蓑,为什么？想没想过归零者，是“它们”而不是“它”一个强大的文明集团
2020-10-06 17:23:08,枫叶城六弦阁檐下孤蓑,他？最后没什么用，在最后一刻他心软了，哈哈哈
2020-10-06 16:04:16,人语湖口笙,对
2020-10-06 15:43:22,one哥忠实粉,然鹅并没有什么用
2020-10-06 14:52:28,deadpool耶耶耶,铁基生命，我在阿西莫夫的机器人系列中看到过...
2020-10-06 14:30:20,猎鹰特战队员3号,水是剧毒的
2020-10-06 14:25:30,楠楠教教主,1+1＝2，1+2＝3……你懂我意思吧
2020-10-06 13:47:03,執星春,其实说实话，三体人应该做到斩草除根，如果杀掉逻辑，那么先前参与过毁灭那个星球的人也会马上通过太阳传达三体文明，而三体文明目前只有一个水滴到达。而如果关闭太阳，也应该再来毁灭逻辑，这样才是斩草除根
2020-10-06 13:45:08,執星春,请您记住虫子，永远没有被真正的打败。400年，哪怕是在文明的阻拦下，也能发展到放眼人的300年，不就是最好的证明吗
2020-10-06 13:42:57,執星春,就算是中级文明，也没有二项不等武器
2020-10-06 13:42:33,執星春,人类应该是那个傻孩子，既然已经得知三体文明要来进攻，而在逻辑的帮助下，他们没有进宫来，然而慢慢的从大人变回了孩子在温室里的花，永远经不起摧折
2020-10-06 13:41:21,執星春,威慑100%，也就是如果一旦发起入侵，那么她将会一定的发射黑暗森林威慑，但如果是其他人，比如说90%，那么也就只有九成几率会发射，剩下的一层得看
2020-10-06 13:39:51,執星春,并不是质子，那应该是其他的文明，坐在篝火旁的那两个人，应该就是地球与三体文明，他们两个已经暴露了自己，当然会坐在火沟旁边了
2020-10-06 13:39:26,執星春,那就是其他的文明在虎视眈眈的盯着两个文明，因为他们两个文明已经暴露了在了所有的文明当中，当然会被盯上
2020-10-06 13:38:28,執星春,该醒来了，虫子
2020-10-06 13:37:45,執星春,谁！我？不不，不是我，我没有那种能力。
2020-10-06 13:36:20,執星春,那两个坐在篝火旁的男孩，就像地球和三体方面一样，而他们身后的则是无穷无尽的宇宙，也有很多的文明，在一直盯着他们
2020-10-06 13:35:51,執星春,既然你已经把自己置于险地，那么我们就更不需要考虑了，灭亡你们哼不也更好吗？
2020-10-06 13:35:27,執星春,但人类还没有那种实力
2020-10-06 13:34:36,執星春,并不是程心选择了面壁人，而是人类选择了程心。既然人类做出了选择，就要为做出的选择而获得应有的代价，有德才有吗？对吧，太阳系被毁灭，这就是应有的代价，这就是人类为自己的狂傲，自大所付出的代价，说实话，真的，人类不配拥有罗辑（逻辑）人类永远是狂傲自大的物种最终也为自己而付出了相应代价
2020-10-06 11:29:24,璀璨群星焕光辉,这个想法很妙
2020-10-06 11:27:52,璀璨群星焕光辉,那么它们为何不把其它文明先打趴下?这个也值得思考
2020-10-06 11:25:17,璀璨群星焕光辉,为啥不可能是我们杀光人类制造了一个以人类基因序列码为蓝图的躯壳呢？我们本体可能是非肉眼可见物质的
2020-10-06 11:18:43,璀璨群星焕光辉,并不是所有智慧生命都会有恐惧与猜疑的本能，有的文明可能只有理智而无情绪
2020-10-06 11:18:29,obitine-obisiri,其实屌丝男还送了个小宇宙
2020-10-06 11:15:14,璀璨群星焕光辉,或许它从诞生就是无所畏惧的，而后凭借无所畏惧与幸运一路打杀，顺风顺水的没有被消灭，因此文明特性成了无所畏惧的那种，虽然可能性非常小，但是宇宙很大，这种无所畏惧又幸运的文明也能成长起来，比如人类中天生的至死也顺风顺水的骄傲之人不在少数。
2020-10-06 11:09:22,璀璨群星焕光辉,也或许归零者文明不是一个文明而是宇宙主意识的具化，其注视着宇宙文明，一旦不符合其意图就重置宇宙，在暗中保留得其心意的文明。宇宙能诞生智慧生命，说明其本身就是一种什么样的体验。
2020-10-06 11:03:12,璀璨群星焕光辉,或许它是当前宇宙时期的第一个文明，且在发展至中高级文明时，宇宙的其它地区仍未有智慧什么时候，甚至可以大胆猜想，其余我们自己都是归零者自己播种幕后抚养的
2020-10-06 10:58:56,星战aaa,是三体X
2020-10-06 09:04:07,非正弦交变电,“三日凌空，世界刚刚毁灭！世界刚刚毁灭！脱水，脱水！”
2020-10-06 01:50:52,rain爱琴海ray,冰湖说:我呢阿巴阿巴阿巴
2020-10-05 22:41:42,waw_0101,把字刻在石头上
2020-10-05 21:22:24,-_---____--_-_-_--,球形闪电是三体前传你可以去看看
2020-10-05 20:53:53,MC200120,"二维加二维,等于四维(雾)"
2020-10-05 20:49:15,MC200120,自然选择，前进四[大笑]
2020-10-05 17:01:49,完全無欠乇一卜,主核买吗？
2020-10-05 17:00:20,完全無欠乇一卜,别说一辈人类可能都活不到那时候
2020-10-05 16:58:18,憨批_bYHF,别忘了叶文洁给罗辑讲黑森的时候智子在围观
2020-10-05 16:53:57,憨批_bYHF,5斤水hhhhc
2020-10-05 16:51:41,憨批_bYHF,操！——史强（滑稽）
2020-10-05 16:51:24,完全無欠乇一卜,不，是太黑没过审
2020-10-05 16:50:13,完全無欠乇一卜,看不起汪淼是不是
2020-10-05 16:46:43,完全無欠乇一卜,绿色葡萄酒
2020-10-05 16:44:25,完全無欠乇一卜,在原著中说过早期宇宙中的文明较少也基本都不懂黑暗森法则，也都没有打击能力
2020-10-05 16:43:07,南风知意-吹梦江源,原作者看完焕然大悟系列
2020-10-05 16:40:08,南风知意-吹梦江源,罗辑，我是你的破壁人——绿葡萄酒
2020-10-05 16:30:32,完全無欠乇一卜,是短期冬眠药，但要是没有体外循环装置就会死但死的很舒服，所以在危机纪元后期多用于自杀
2020-10-05 14:50:02,31342457557343464572hsishdhdg,你这么说的话，只有距离地球十万光年以上的宜居星系，文眀等级才会比地球高，这里的发展速度是以人类文明作为标准单位的，别喷（人类的发展速度应该算快了吧？）
2020-10-05 14:40:46,31342457557343464572hsishdhdg,还有八万年才能飞到离人类最近的恒星——半人马座a系C星 比邻星
2020-10-05 08:43:45,_愉悦怪_,预言？[西西疑问]
2020-10-05 02:32:16,楠楠教教主,从三维来看多维的世界其实是一种幻想
2020-10-05 02:31:15,楠楠教教主,万一我就是不存在的？万一这些言论就是你的言论？
2020-10-05 02:23:55,晨星_GDSO,看过三体的都不会这么认为
2020-10-05 00:44:15,想小酣,这里确定呢
2020-10-05 00:42:44,澄府工造,食堂第一法则！饭菜有限！
2020-10-05 00:41:16,想小酣,国王的新画师饕餮海深水王子我们这个伟大的家族在我这带就要结束了北欧伊甸园量子舰队摇篮装置思想钢印黑暗森林
2020-10-05 00:37:48,想小酣,要多想我只能告诉你要多想
2020-10-04 23:10:14,师傅是神马,然后预言了一堆东西。
2020-10-04 23:09:01,师傅是神马,结局的所有可能书中的线索够分析了
2020-10-04 22:59:25,Kam_Ray,失去人性失去很多，失去兽性失去一切
2020-10-04 22:36:22,晨夕ff,黑，真tm黑
2020-10-04 21:49:35,尘封的六明,我们都变成魔鬼了
2020-10-04 20:14:33,普瑞赛斯l,可是三体人也可以威慑地球啊[大哭]，地球和三体是终极威慑，两边是同归于尽的啦
2020-10-04 20:06:14,红之魔神-梵星,个人觉得宇宙没有毁灭。程心留下的五公斤。终究会被归零者找到。投入新世界。最后，是人类选择了一切。选择了面壁人，压制三体。选择了程心，毁灭地球。一切都是命中注定。
2020-10-04 19:56:31,红之魔神-梵星,你是魔鬼吧？
2020-10-04 19:55:36,红之魔神-梵星,不然哪里有勇气来把宇宙都给归零。
2020-10-04 19:55:11,红之魔神-梵星,归零者不可能连那五公斤物质都找不到。
2020-10-04 19:50:51,红之魔神-梵星,震惊！执剑者的背后到底是？大家好，这里是小编看世界。相信大家对于执剑者罗辑很好奇吧。众所周知……大家对于这件事有什么看法呢？把评论打在下面告诉小编吧。
2020-10-04 19:48:01,红之魔神-梵星,在宇宙中有无数个万一。万一刚开始就有生命了。万一我们无法看透这个世界。在无数个万一之中。我们不容易成功。要为之死去无数人。才有万分之一的可能。在无数的可能性中。能找到我们的万一。
2020-10-04 19:41:22,红之魔神-梵星,感觉就像被一切逼疯的陈心。
2020-10-04 19:37:16,二进制的啊噗撸派,看完三体都给我看出星空恐惧了
2020-10-04 19:02:20,王德w发,丁仪:傻孩子们，快作弊呀！
2020-10-04 18:58:47,王德w发,90％到98％
2020-10-04 18:57:23,王德w发,托马斯维德:什么，程心是自己人？
2020-10-04 18:56:23,王德w发,什么，程心是自己人？
2020-10-04 18:55:24,王德w发,虫子很渺小，但他们忘了，人类从没真正战胜过虫子，敬虫子
2020-10-04 18:42:18,最后的希望ipby,你选一样东西吧.看了看，选择了一盆金鱼.
2020-10-04 17:19:40,法外狂徒_章三,哦~
2020-10-04 14:43:32,正版钻石滑稽,向文明低头！二向箔:听不见！
2020-10-04 14:37:53,咸鱼之骑士,面对面壁着的笑容[奸笑]
2020-10-04 11:20:09,南风知意-吹梦江源,我选8，死神程心圣母永恒[流泪]
2020-10-04 11:17:48,南风知意-吹梦江源,主:我不在……哥，哥你冷静啊！等等我下个输入法……麻蛋人类的语言怎么这么麻烦……卧槽网卡了……
2020-10-04 09:27:00,他刚才又,次声波氢弹
2020-10-04 09:25:48,他刚才又,维德呢
2020-10-04 09:24:53,他刚才又,我爱你，与你何干，毁灭你，又与你何干？
2020-10-04 00:01:01,沙漠-Desert,三日凌空[奸笑]
2020-10-03 22:56:28,一个滑铲王青争,我们，是同志了。
2020-10-03 22:30:45,bili南辰鸭,面壁者罗辑，我是你的破壁人
2020-10-03 22:28:45,bili南辰鸭,六分仪我i了
2020-10-03 20:07:30,白上千雪,表明了，他们又都拥有黑暗，这张封面真的绝
2020-10-03 20:06:52,白上千雪,这张封面绝了光外的各种生物表示外星文明多像森林一样又是在光外面表示了黑暗，两个小孩围坐在一起，表示了最近的三体文明和人类文明，他们的眼神无助又迷茫，但相坐在，火堆边，表示了他们之间已经没有争执，在同一片火堆下，表示他们都选择了同样的路，逃避，不让黑暗罩到这，还有那个背后的影子
2020-10-03 18:07:30,某只被改成渗透单位的天启,你回复错了吧？
2020-10-03 18:05:48,杠精26566,这句很明显别人说过了，再来（滑稽滑稽滑稽滑稽滑稽滑稽滑稽滑稽滑稽滑稽滑稽滑稽滑稽滑稽）
2020-10-03 16:20:38,十点多_iVmQ,8
2020-10-03 16:10:20,星野日向H2SO3,生存的最大障碍不是弱小与无知，傲慢才是
2020-10-03 15:18:49,花京院_典明_,维德，他是恶魔！
2020-10-03 15:12:50,北斗7鹿,张北海应该是去找灭火器了。
2020-10-03 15:11:59,北斗7鹿,他可能是这个宇宙的创造者，所以他宇宙其实是他的一次实验中创造出来的。可以用仪器来控制宇宙。
2020-10-03 15:05:18,北斗7鹿,怪不得地球上有这么多怪物，想一下子一个老大的信号枪苗着地球飞过去，这不就一把，怎么每次都被外星文明发现了，源源不断的派过外星人过去。
2020-10-03 14:18:01,万里小草,服务器：正道的光
2020-10-03 14:17:47,万里小草,傻孩子的火堆点燃了黑暗森林。于是他被服务器ban了。
2020-10-03 12:32:05,超高校级的Asriel,加油，这是面壁计划的一部分
2020-10-03 12:09:59,Kingof僵尸,哈哈哈哈哈哈哈哈哈(ಡωಡ)hiahiahia
2020-10-03 11:06:44,北海啊-要多想,我不知道你在这，不然我会常来看你的
2020-10-03 09:42:29,一只永远单身的狗剑客,汽化了（doge）
2020-10-03 09:40:19,一只永远单身的狗剑客,你们，是虫子
2020-10-03 09:35:53,板木JPMOU,主要是程心知道自己的圣母形象，知道自己如果参加竟选一定会被选上，更知道自己并没有当任执剑者的能力，但她还是参加了竞选
2020-10-03 09:29:55,板木JPMOU,你又在冒充伟大的先知了，这里是乱纪元
2020-10-03 09:28:37,板木JPMOU,叶文洁:好的。    监视员:......
2020-10-03 09:28:05,一只平平无奇的大白鹅-颜颜,加个呵呵效果更佳哦
2020-10-03 09:07:36,板木JPMOU,评论区里秀儿多
2020-10-03 03:40:03,普瑞赛斯l,褚岩呢，蓝色空间号舰长，延续了人类文明(银河系人类)，仔细想你会发现他是另一个章北海，甚至更强
2020-10-02 23:15:02,丨KATE丨,在必定为敌的双方中，对对手仁慈就是对自己的残忍，程心选择了仁慈，人类选择了程心，也就选择了死神
2020-10-02 22:34:56,大仙是信仰z,罗辑，不得不说我佩服你
2020-10-02 22:01:55,全世界最好的暮合,程心只不过是个工具人罢了
2020-10-02 21:01:46,woc圄困囿囡囚,为什么没有早点发现这首歌
2020-10-02 18:21:27,流年澹澹,说不定有人之前还丢歪了[鬼脸]
2020-10-02 17:47:22,东方-延续,有种美丽叫庄严的孩子——想干细胞一样美丽
2020-10-02 17:41:52,东方-延续,有种平淡叫罗辑——像墓碑一样简洁
2020-10-02 17:38:07,丨KATE丨,维德唯一的缺点就是枪法太烂，当时就该一枪爆了内个憨憨
2020-10-02 17:37:26,东方-延续,ghost啊
2020-10-02 17:05:26,万里小草,永 久 反 弹
2020-10-02 15:58:54,基金会之光,高纬度空间比他厉害点呀
2020-10-02 14:36:19,Monkiing,病名为爱？
2020-10-02 12:55:24,局部钙质化,碑是那么小，与其说是为了纪念，更像是为了忘却
2020-10-02 11:05:03,Handsomeboy619,等歌者的二向箔到了，太阳都不知道接受了多少张二向箔了。。。
2020-10-02 11:04:44,陌狸喲,傻孩子们，快跑啊！
2020-10-02 10:18:58,KAI_lo,程心没有执剑的勇气还要坚决竞选执剑人，多少沾点
2020-10-02 01:54:30,哦日,都一样
2020-10-02 00:36:47,末影小黑ace,率先知道了这些规则，于是加快发展，在大部分文明才顿悟时回头发现，归零者已然成为一个神级文明的团体，进而逃脱了猜疑链的控制，在被比它低级的文明发现时，也不屑一顾，至此也不在遵循黑暗森林法则。
2020-10-02 00:30:37,末影小黑ace,经过仔细看书可以发现，归零者是个团体，或是多种神级文明的共合体。至于说在他们早期之前是如何破解猜疑链的呢，首先我觉得发展到一个神级文明得需要很久，那么归零者（团体）他们是诞生于宇宙所有文明都是“孩子”的时期，包括归零者。但在大部分文明还在懵懵懂懂的时候，归零者他们可能在意外下
2020-10-01 23:14:47,流年澹澹,其实小说有个细节，歌者文明的二向箔是直接投的，而毁灭太阳系的二向箔是飞船发射的。
2020-10-01 23:14:32,流年澹澹,其实小说有个细节，歌者文明的二向箔是直接投的，而毁灭太阳系的二向箔是飞船发射的
2020-10-01 21:53:08,超高校级的Asriel,"GGGGGGGGGGGet upppppppppppp,Mr.Meeseks!"
2020-10-01 21:01:57,哆啦哆啦酱885,《朝闻道》中星云文明是最高文明（注不是m78星云）他们为宇宙真理奉献出了自己整个文明而宇宙真理又掌握在排险者手中达到超神级文明可能性几乎为零
2020-10-01 20:48:29,wPokerFace,我三牛逼
2020-10-01 20:40:21,账号已注销但老子又tm申请回来了,三体里描写到，一个手拿绞索的人是危险的，但如果把绞索套到自己脖子上就是安全的了。但宇宙中谁有心思管你套哪？你拿着绞索本来就危险，还不如先灭了再说，就像一只掐着自己脖子的蚂蚁，你会管这蚂蚁有无害？蚂蚁不管怎么都没用，肯定有人不理解蚂蚁的行为，直接清理。所以，唯一的安全声明就是降维
2020-10-01 20:23:48,账号已注销但老子又tm申请回来了,是宇宙中无数的猎人
2020-10-01 15:29:24,咒念怨,有点不现实，首先如果要水滴要抓了话会被检测到，罗辑应该是会按下去的。第二点就非常重要了:三体人看不懂，目前三体人还只是会简单的谎言，对于爱，他们不懂，也不会去想，因为再三体人眼里这是累赘
2020-10-01 14:43:08,小花雨_,科 技 碾 压
2020-10-01 13:11:54,-OLD-KING,预防胜于救灾，警惕永不松懈。森林防火，从我做起。
2020-10-01 13:08:10,三体-执剑人罗辑,宇宙早期光速无限（写那么多字，一句话不就解决了吗！）
2020-10-01 13:04:13,有出息的男孩,封面的眼睛是质子么
2020-10-01 11:43:49,潇家大少,陨石子弹
2020-10-01 11:37:03,kernel-wxw,第一：生存是文明的第一需求第二：文明在不断扩张和收缩，但宇宙中的物质总量保持不变
2020-10-01 10:43:33,忧郁的王子2007,顾铁，我是您的催更人。（doge )
2020-10-01 10:16:15,杪l夏,明天，太阳还会照常升起
2020-10-01 09:59:13,阿干190628,黑，真TM的黑啊
2020-10-01 09:58:05,阿干190628,葡萄酒
2020-10-01 09:37:10,mlnjan,“我对三体世界说话”——罗辑
2020-10-01 08:42:10,落星陨辰,没提到，反正按照设定，最开始的开发新伊甸的时候的地球已经是星际文明了，所有新伊甸的技术都是几十万年前地球的科技，还是不完全版本，具体参考冬眠爸爸的武器。
2020-10-01 07:32:53,决空的天灵决,因为无差别打击对于宇宙来说或许只是一个很小的部分，甚至宇宙中可能还存在十维的空间，无差别打击这个概念放到宏大的宇宙里面只是微乎其微吧？
2020-10-01 02:49:26,LONESOME-永恒,藏好自己，做好清理
2020-09-30 22:37:53,爱水彩的柴芝,黑，真他妈黑[多多捂脸][多多捂脸][多多捂脸]大史灵魂发言
2020-09-30 20:21:48,鬼人正邪_ZBC,女娲是智子（确信）
2020-09-30 19:07:00,山有桃夭,赫尔辛基肯斯坦
2020-09-30 18:49:02,翼之轴,哈哈哈，意想不到
2020-09-30 18:39:18,星战aaa,脱水脱水
2020-09-30 18:38:49,星战aaa,草率了[大哭][大哭][大哭]
2020-09-30 13:56:00,哈兰拳王,哪怕韦德的枪法再好一点点，人类的结局就能被改写
2020-09-30 09:01:43,理律萝鸭,是猪心  二向箔是杀人
2020-09-30 00:27:13,锦瑟思念华年,黑，真tm黑
2020-09-29 23:57:56,解忧-小孩,我在末日等你
2020-09-29 19:57:17,不如一起_,这是我九级听到的第一首歌啊
2020-09-29 11:44:49,墓楚,我看了几年Tf，没听说过铁基说法。。。他们是硅基生命体😂
2020-09-29 09:26:45,病態燒酒,人类不感谢罗辑；人类选择了程心
2020-09-29 07:57:04,卓sir_sFuZ,"食堂就是一座黑暗森林,每个学生都是带饭卡的对手,像鲨鱼般在打饭台间穿梭,无声拨开挡路的同窗,竭力不让脚程在穿梭间有一点浪费,连呼吸都完美调整；他必须尽力,因为食堂内到处都有与他一样打饭的学生。如果他发现了美味的菜肴，能做的只有一件事：立即打到碗里来?在这个食堂内，他人就是地狱"
2020-09-28 21:56:16,罗密欧狐舞步,快更新！
2020-09-28 20:36:32,一只三文鱼2004,我就猜有女权会急，身体原著当中，埕心完全知道他毁灭了这个世界，只是找到了，让他苟活下去的信心。三体中的男性和女性不是单指性别，男性指的是人类内心深处的逻辑理性还有兽性，女性指的是人类内心深处的懦弱与善良和人性。只有理性才是文明的前进方向，对敌人善良往往会毁掉自己。
2020-09-28 20:34:34,一只三文鱼2004,我们三体人曾经为执剑人做过一个威慑值评测仪，你的威慑值就像一条蠕动的虫子，在10%之间蠕动，而逻辑就像一条凶猛的蛇，在90%之间波动。而韦德，智子摇了摇头，如果人类选择了他，这一切都不再会发生。
2020-09-28 19:01:33,萝卜味少年,其实刘慈欣本来是想把程心写…成…男…的…！
2020-09-28 18:11:08,此世绝对之恶--萌王,奥特曼可是光子生命。。。
2020-09-28 15:08:17,点燃黑暗森林的火星,自然选择，前进四！蓝色空间，前进四！
2020-09-28 15:06:56,点燃黑暗森林的火星,瑞思拜瑞思拜！！！
2020-09-28 12:11:12,duck不必的阿巴阿巴,#三体#
2020-09-28 00:41:53,呐_我是chara哦,不不不，汪淼是一部的主角，我在这里这么说是在玩梗啦
2020-09-27 21:28:48,九客寒风晚,不要回答！不要回答！不要回答！
2020-09-27 20:54:48,小白2403,在想什么？好好在看看书里对三体人的描述，他们想的就是尽快灭掉
2020-09-27 20:22:42,法外狂徒_章三,好像就是以后的罗辑吧？
2020-09-27 08:51:35,稿费不过百万誓不改名,消灭人类暴政
2020-09-27 01:22:32,呐_我是chara哦,“只送大脑”“没关系的，都一样”“猜疑链与技术爆炸”“台球像麻雀一样乱飞”汪 淼 是 谁（
2020-09-27 00:30:19,颤抖的棺材,很多伟人都是这个时候去世––仰望星空的人，最终归于星空
2020-09-27 00:00:17,人语湖口笙,智子
2020-09-26 23:24:15,fza0,鲁迅说：女人就是害人的东西。真的，在阿q正传里面
2020-09-26 23:19:54,fza0,就知道放屁
2020-09-26 22:25:55,今夜月虽美,我感觉《我三》几乎不可能被其它我三作品超越了，这几乎是天花板级别的用心.......
2020-09-26 21:46:32,淡若一身,歌者敢如此大张旗鼓，有可能是原四维生命？
2020-09-26 21:37:59,御坂小一,消灭人类暴政，世界属于三体！
2020-09-26 21:36:17,御坂小一,抓到一只落单的御坂
2020-09-26 21:34:14,淡若一身,发错号了..
2020-09-26 21:33:15,淡若一身,而弄干海，上了陆地，会不会指的是高级文明之间的低纬度化，接着创造小型宇宙躲过“海水的干涸”？，文中讲每个维度都有自己的黑暗森林，而三体等文明准备依靠小宇宙躲过二向化，也就是从三维度黑暗森林进入二维度黑暗森林。也说明了曾经的降维打击
2020-09-26 21:32:55,淡若一身,这会不会说明原本高纬度的宇宙可能是因为高级文明互相降维度攻击导致低纬度化的？，最终四维度的宇宙也向宏观三维化，但正如歌者所言，宇宙已经开始准备二向化了，而四维度碎片，正是三向化的四维度最后生存点，而将来在二维的宇宙，是否也会有二维度的生命进入为二向化的三维碎片呢？
2020-09-26 21:32:22,淡若一身,“海干了，鱼就要聚集在水洼里”“把海弄干的鱼不在”“把海弄干的鱼在海干前上了陆地，从一片黑暗森林奔向另一片黑暗森林”“宇宙原本可能十一维度的”“是到处都在用，可我们以前多少还有些节制，现在..”“是不是母世界已经准备二向化了？”
2020-09-26 21:30:52,野樱曲奇,“海干了，鱼就要聚集在水洼里”“把海弄干的鱼不在”“把海弄干的鱼在海干前上了陆地，从一片黑暗森林奔向另一片黑暗森林”“宇宙原本可能十一维度的”“是到处都在用，可我们以前多少还有些节制，现在..”“是不是母世界已经准备二向化了？”
2020-09-26 20:59:32,加勒比海盗帅,在教室自习抄实验报告，突然播到这首歌，我莫名抬头看了眼夜空
2020-09-26 18:37:40,孤幽海夜,最高致意，属于罗辑
2020-09-26 18:34:31,孤幽海夜,人类选择了死神
2020-09-26 18:29:56,孤幽海夜,醒醒，你火了
2020-09-26 18:27:40,孤幽海夜,真实
2020-09-26 18:25:11,孤幽海夜,666
2020-09-26 18:22:30,无恙Rangers,毁灭你，与你何干？
2020-09-26 18:11:16,孤幽海夜,醒醒，你火了
2020-09-26 18:09:12,孤幽海夜,自然选择，前进四
2020-09-26 15:49:55,155的大猛1,死在了找水的路上
2020-09-26 15:08:27,某宇宙排险者,啊，看那，傻孩子燃起了火堆～然后黑暗森林烧起来了（滑稽
2020-09-26 14:51:25,嘿-这儿是阿浩,萨伊缓缓抬起了她的右手，罗辑的目光，跟着那只手移动，发现它并没有指向第一排。萨伊的手指向了他——“第四位面壁者：罗辑。”
2020-09-26 13:22:28,淡若一身,罗辑本来能跑的，但他不想跑了，应该是他自己杀了自己
2020-09-26 11:52:24,鎴hh,虫子从未被打败过
2020-09-26 11:42:10,T-eo,hxd起床了。
2020-09-26 11:04:59,法外狂徒_章三,自然选择，前进四！
2020-09-26 07:36:16,御坂14326号,霍金并没有死，他只是看穿了黑暗森林法则，于是决定冬眠到末日之战。成为执剑者，他表情僵硬，又不会说话。三体人将无法分析他的威胁度！他将与主直接对决！
2020-09-26 06:34:23,可怜的滑稽的小朋友,意思就是三体人一动维德就会毫不犹豫的按下去，而其他人只是有极大的可能按下去
2020-09-25 21:29:17,止戈为武mfatbuoftmopao,脱离小说看设定，我觉得不行。
2020-09-25 21:27:51,止戈为武mfatbuoftmopao,虚拟现实侵略地球的野心
2020-09-25 18:40:50,小花雨_,延续三体文明，小学生
2020-09-25 18:40:31,小花雨_,是占领地球
2020-09-25 18:40:18,小花雨_,所以这就是胡编乱造的理由？
2020-09-24 22:06:49,暴风雨中的小提琴,“黑暗森林”伴随电音出来的时候，一身鸡皮疙瘩[惊恐]
2020-09-24 21:23:48,人畜无害killa酱,罗非鱼[多多笑哭]
2020-09-24 19:24:01,青O_o染,中途接手的 现在不是越来越好吗
2020-09-23 21:31:43,烟云梦染,咳咳咳，你就一边去，这个东西就不要说了[大哭]
2020-09-23 21:31:08,烟云梦染,我们是同志了[大哭]
2020-09-23 18:53:38,小花雨_,逐渐eve化
2020-09-23 18:51:22,小花雨_,三体：晶！
2020-09-23 18:49:01,小花雨_,eve都有超光速粒子来着了吧
2020-09-23 18:41:30,枫晔令,他们是烈士吗？不是那他们是英雄吗？不是他们是历史
2020-09-23 18:38:06,小花雨_,脉冲星而已，不稳定，而且解读技术要求很高
2020-09-23 18:31:55,小花雨_,三体人也会攻击，因为他们已没有选择，如果他们不先攻击，地球再来两次技术爆炸直接超越三体
2020-09-23 18:19:35,冰镇西瓜嫑西瓜,黑，真TM的黑
2020-09-22 21:33:12,Mr_Meeseks,前进！前进！不择手段的前进！
2020-09-22 20:56:30,XXTKAL123,葡萄酒:‘我差点单杀了罗辑’
2020-09-22 10:53:07,自有永有者,宇宙给你炸了，还能给你复原的中级文明
2020-09-21 23:03:52,云箫之梦,流浪地球小说结尾
2020-09-21 21:15:29,不爱菊爱美人,叶文洁可不一样，她就是女版韦德
2020-09-21 21:11:20,不爱菊爱美人,大自然真的是自然吗？
2020-09-21 20:35:49,末影小黑ace,寒冬：我差点单杀了逻辑
2020-09-21 19:53:42,九気,小女孩，你看，我遵守了诺言
2020-09-21 13:40:58,薛定谔狗,书中对罗辑骗过智子的过程描述不够。希恩斯一个负号骗过智子，对罗辑启发应该很大，也没详细说。拍片的话，这段其实可以做的精彩一些
2020-09-21 03:01:22,拂晓__Dawn__,已经破万啦[多多大笑]
2020-09-21 01:01:44,千舍利_,版权问题解决就可以了
2020-09-20 21:13:37,三匝难依,感觉归零者更像是从上个宇宙毁灭中幸存下来的，一个比现在这个正在毁灭的宇宙更高级的宇宙
2020-09-20 21:01:30,三匝难依,巴尔坦星人表示不服
2020-09-20 20:40:04,账号已注销但老子又tm申请回来了,三体电影夭寿就有点过分了啊
2020-09-20 20:26:57,夂朲丄,傻孩子笑着挥手说我在这里
2020-09-20 19:43:34,无恙_Noting,消灭人类暴政，世界属于三体！！（撕心裂肺）（doge）
